scenario_id,scenario_version,route_id,route_version,evidence_level,support_status,natural_year,scheduled_efc,model_effective_efc,soh
baseline,baseline-v1,blast-lite-lfp-gr-250ah-prismatic-2019-v1,blast-lite-b093495-250ah-prismatic-v1,PHYSICS_REFERENCE,NEAR_BOUNDARY,0.0,0.0,0.0,1.0
baseline,baseline-v1,blast-lite-lfp-gr-250ah-prismatic-2019-v1,blast-lite-b093495-250ah-prismatic-v1,PHYSICS_REFERENCE,NEAR_BOUNDARY,0.08333333333333333,25.0,24.999999999999996,0.9953353589478184
baseline,baseline-v1,blast-lite-lfp-gr-250ah-prismatic-2019-v1,blast-lite-b093495-250ah-prismatic-v1,PHYSICS_REFERENCE,NEAR_BOUNDARY,0.16666666666666666,50.0,49.88338397369546,0.9921185777140046
baseline,baseline-v1,blast-lite-lfp-gr-250ah-prismatic-2019-v1,blast-lite-b093495-250ah-prismatic-v1,PHYSICS_REFERENCE,NEAR_BOUNDARY,0.25,75.0,74.68634841654557,0.9893728239965662
baseline,baseline-v1,blast-lite-lfp-gr-250ah-prismatic-2019-v1,blast-lite-b093495-250ah-prismatic-v1,PHYSICS_REFERENCE,NEAR_BOUNDARY,0.3333333333333333,100.0,99.42066901645973,0.9868655710691638
baseline,baseline-v1,blast-lite-lfp-gr-250ah-prismatic-2019-v1,blast-lite-b093495-250ah-prismatic-v1,PHYSICS_REFERENCE,NEAR_BOUNDARY,0.4166666666666667,125.0,124.09230829318882,0.9845151873161788
baseline,baseline-v1,blast-lite-lfp-gr-250ah-prismatic-2019-v1,blast-lite-b093495-250ah-prismatic-v1,PHYSICS_REFERENCE,NEAR_BOUNDARY,0.5,150.0,148.7051879760933,0.9822802898904411
baseline,baseline-v1,blast-lite-lfp-gr-250ah-prismatic-2019-v1,blast-lite-b093495-250ah-prismatic-v1,PHYSICS_REFERENCE,NEAR_BOUNDARY,0.5833333333333334,175.0,173.26219522335433,0.9801360829595658
baseline,baseline-v1,blast-lite-lfp-gr-250ah-prismatic-2019-v1,blast-lite-b093495-250ah-prismatic-v1,PHYSICS_REFERENCE,NEAR_BOUNDARY,0.6666666666666666,200.0,197.76559729734348,0.9780661601863301
baseline,baseline-v1,blast-lite-lfp-gr-250ah-prismatic-2019-v1,blast-lite-b093495-250ah-prismatic-v1,PHYSICS_REFERENCE,NEAR_BOUNDARY,0.75,225.0,222.21725130200173,0.9760589208488192
baseline,baseline-v1,blast-lite-lfp-gr-250ah-prismatic-2019-v1,blast-lite-b093495-250ah-prismatic-v1,PHYSICS_REFERENCE,NEAR_BOUNDARY,0.8333333333333334,250.0,246.6187243232222,0.9741057605621203
baseline,baseline-v1,blast-lite-lfp-gr-250ah-prismatic-2019-v1,blast-lite-b093495-250ah-prismatic-v1,PHYSICS_REFERENCE,NEAR_BOUNDARY,0.9166666666666666,275.0,270.97136833727524,0.9722000624471582
baseline,baseline-v1,blast-lite-lfp-gr-250ah-prismatic-2019-v1,blast-lite-b093495-250ah-prismatic-v1,PHYSICS_REFERENCE,NEAR_BOUNDARY,1.0,300.0,295.27636989845416,0.9703365918267383
baseline,baseline-v1,blast-lite-lfp-gr-250ah-prismatic-2019-v1,blast-lite-b093495-250ah-prismatic-v1,PHYSICS_REFERENCE,NEAR_BOUNDARY,1.0833333333333333,325.0,319.5347846941226,0.9685111119105568
baseline,baseline-v1,blast-lite-lfp-gr-250ah-prismatic-2019-v1,blast-lite-b093495-250ah-prismatic-v1,PHYSICS_REFERENCE,NEAR_BOUNDARY,1.1666666666666667,350.0,343.7475624918865,0.9667201285449637
baseline,baseline-v1,blast-lite-lfp-gr-250ah-prismatic-2019-v1,blast-lite-b093495-250ah-prismatic-v1,PHYSICS_REFERENCE,NEAR_BOUNDARY,1.25,375.0,367.91556570551063,0.9649607143302427
baseline,baseline-v1,blast-lite-lfp-gr-250ah-prismatic-2019-v1,blast-lite-b093495-250ah-prismatic-v1,PHYSICS_REFERENCE,NEAR_BOUNDARY,1.3333333333333333,400.0,392.0395835637667,0.9632303836555489
baseline,baseline-v1,blast-lite-lfp-gr-250ah-prismatic-2019-v1,blast-lite-b093495-250ah-prismatic-v1,PHYSICS_REFERENCE,NEAR_BOUNDARY,1.4166666666666667,425.0,416.1203431551554,0.9615270015779684
baseline,baseline-v1,blast-lite-lfp-gr-250ah-prismatic-2019-v1,blast-lite-b093495-250ah-prismatic-v1,PHYSICS_REFERENCE,NEAR_BOUNDARY,1.5,450.0,440.1585181946046,0.9598487158849589
baseline,baseline-v1,blast-lite-lfp-gr-250ah-prismatic-2019-v1,blast-lite-b093495-250ah-prismatic-v1,PHYSICS_REFERENCE,NEAR_BOUNDARY,1.5833333333333333,475.0,464.1547360917286,0.9581939054546055
baseline,baseline-v1,blast-lite-lfp-gr-250ah-prismatic-2019-v1,blast-lite-b093495-250ah-prismatic-v1,PHYSICS_REFERENCE,NEAR_BOUNDARY,1.6666666666666667,500.0,488.1095837280937,0.9565611403346311
baseline,baseline-v1,blast-lite-lfp-gr-250ah-prismatic-2019-v1,blast-lite-b093495-250ah-prismatic-v1,PHYSICS_REFERENCE,NEAR_BOUNDARY,1.75,525.0,512.0236122364595,0.9549491504163385
baseline,baseline-v1,blast-lite-lfp-gr-250ah-prismatic-2019-v1,blast-lite-b093495-250ah-prismatic-v1,PHYSICS_REFERENCE,NEAR_BOUNDARY,1.8333333333333333,550.0,535.8973409968679,0.9533568005240277
baseline,baseline-v1,blast-lite-lfp-gr-250ah-prismatic-2019-v1,blast-lite-b093495-250ah-prismatic-v1,PHYSICS_REFERENCE,NEAR_BOUNDARY,1.9166666666666667,575.0,559.7312610099686,0.9517830703686873
baseline,baseline-v1,blast-lite-lfp-gr-250ah-prismatic-2019-v1,blast-lite-b093495-250ah-prismatic-v1,PHYSICS_REFERENCE,NEAR_BOUNDARY,2.0,600.0,583.5258377691858,0.9502270382420523
baseline,baseline-v1,blast-lite-lfp-gr-250ah-prismatic-2019-v1,blast-lite-b093495-250ah-prismatic-v1,PHYSICS_REFERENCE,NEAR_BOUNDARY,2.0833333333333335,625.0,607.2815137252371,0.9486878676235591
baseline,baseline-v1,blast-lite-lfp-gr-250ah-prismatic-2019-v1,blast-lite-b093495-250ah-prismatic-v1,PHYSICS_REFERENCE,NEAR_BOUNDARY,2.1666666666666665,650.0,630.998710415826,0.9471647960820665
baseline,baseline-v1,blast-lite-lfp-gr-250ah-prismatic-2019-v1,blast-lite-b093495-250ah-prismatic-v1,PHYSICS_REFERENCE,NEAR_BOUNDARY,2.25,675.0,654.6778303178777,0.9456571260044817
baseline,baseline-v1,blast-lite-lfp-gr-250ah-prismatic-2019-v1,blast-lite-b093495-250ah-prismatic-v1,PHYSICS_REFERENCE,NEAR_BOUNDARY,2.3333333333333335,700.0,678.3192584679897,0.9441642167928626
baseline,baseline-v1,blast-lite-lfp-gr-250ah-prismatic-2019-v1,blast-lite-b093495-250ah-prismatic-v1,PHYSICS_REFERENCE,NEAR_BOUNDARY,2.4166666666666665,725.0,701.9233638878112,0.9426854782523701
baseline,baseline-v1,blast-lite-lfp-gr-250ah-prismatic-2019-v1,blast-lite-b093495-250ah-prismatic-v1,PHYSICS_REFERENCE,NEAR_BOUNDARY,2.5,750.0,725.4905008441204,0.9412203649528347
baseline,baseline-v1,blast-lite-lfp-gr-250ah-prismatic-2019-v1,blast-lite-b093495-250ah-prismatic-v1,PHYSICS_REFERENCE,NEAR_BOUNDARY,2.5833333333333335,775.0,749.0210099679413,0.9397683713923466
baseline,baseline-v1,blast-lite-lfp-gr-250ah-prismatic-2019-v1,blast-lite-b093495-250ah-prismatic-v1,PHYSICS_REFERENCE,NEAR_BOUNDARY,2.6666666666666665,800.0,772.51521925275,0.9383290278261638
baseline,baseline-v1,blast-lite-lfp-gr-250ah-prismatic-2019-v1,blast-lite-b093495-250ah-prismatic-v1,PHYSICS_REFERENCE,NEAR_BOUNDARY,2.75,825.0,795.973444948404,0.9369018966511337
baseline,baseline-v1,blast-lite-lfp-gr-250ah-prismatic-2019-v1,blast-lite-b093495-250ah-prismatic-v1,PHYSICS_REFERENCE,NEAR_BOUNDARY,2.8333333333333335,850.0,819.3959923646823,0.9354865692567705
baseline,baseline-v1,blast-lite-lfp-gr-250ah-prismatic-2019-v1,blast-lite-b093495-250ah-prismatic-v1,PHYSICS_REFERENCE,NEAR_BOUNDARY,2.9166666666666665,875.0,842.7831565961015,0.9340826632705754
baseline,baseline-v1,blast-lite-lfp-gr-250ah-prismatic-2019-v1,blast-lite-b093495-250ah-prismatic-v1,PHYSICS_REFERENCE,NEAR_BOUNDARY,3.0,900.0,866.1352231778659,0.9326898201381996
baseline,baseline-v1,blast-lite-lfp-gr-250ah-prismatic-2019-v1,blast-lite-b093495-250ah-prismatic-v1,PHYSICS_REFERENCE,NEAR_BOUNDARY,3.0833333333333335,925.0,889.4524686813209,0.9313077029894216
baseline,baseline-v1,blast-lite-lfp-gr-250ah-prismatic-2019-v1,blast-lite-b093495-250ah-prismatic-v1,PHYSICS_REFERENCE,NEAR_BOUNDARY,3.1666666666666665,950.0,912.7351612560564,0.9299359947492407
baseline,baseline-v1,blast-lite-lfp-gr-250ah-prismatic-2019-v1,blast-lite-b093495-250ah-prismatic-v1,PHYSICS_REFERENCE,NEAR_BOUNDARY,3.25,975.0,935.9835611247873,0.9285743964601137
baseline,baseline-v1,blast-lite-lfp-gr-250ah-prismatic-2019-v1,blast-lite-b093495-250ah-prismatic-v1,PHYSICS_REFERENCE,NEAR_BOUNDARY,3.3333333333333335,1000.0,959.1979210362902,0.927222625786834
baseline,baseline-v1,blast-lite-lfp-gr-250ah-prismatic-2019-v1,blast-lite-b093495-250ah-prismatic-v1,PHYSICS_REFERENCE,NEAR_BOUNDARY,3.4166666666666665,1025.0,982.378486680961,0.9258804156800251
baseline,baseline-v1,blast-lite-lfp-gr-250ah-prismatic-2019-v1,blast-lite-b093495-250ah-prismatic-v1,PHYSICS_REFERENCE,NEAR_BOUNDARY,3.5,1050.0,1005.5254970729617,0.9245475131778966
baseline,baseline-v1,blast-lite-lfp-gr-250ah-prismatic-2019-v1,blast-lite-b093495-250ah-prismatic-v1,PHYSICS_REFERENCE,NEAR_BOUNDARY,3.5833333333333335,1075.0,1028.6391849024092,0.923223678328956
baseline,baseline-v1,blast-lite-lfp-gr-250ah-prismatic-2019-v1,blast-lite-b093495-250ah-prismatic-v1,PHYSICS_REFERENCE,NEAR_BOUNDARY,3.6666666666666665,1100.0,1051.7197768606331,0.921908683220883
baseline,baseline-v1,blast-lite-lfp-gr-250ah-prismatic-2019-v1,blast-lite-b093495-250ah-prismatic-v1,PHYSICS_REFERENCE,NEAR_BOUNDARY,3.75,1125.0,1074.7674939411552,0.9206023111028958
baseline,baseline-v1,blast-lite-lfp-gr-250ah-prismatic-2019-v1,blast-lite-b093495-250ah-prismatic-v1,PHYSICS_REFERENCE,NEAR_BOUNDARY,3.8333333333333335,1150.0,1097.7825517187275,0.9193043555906896
baseline,baseline-v1,blast-lite-lfp-gr-250ah-prismatic-2019-v1,blast-lite-b093495-250ah-prismatic-v1,PHYSICS_REFERENCE,NEAR_BOUNDARY,3.9166666666666665,1175.0,1120.7651606084949,0.9180146199445245
baseline,baseline-v1,blast-lite-lfp-gr-250ah-prismatic-2019-v1,blast-lite-b093495-250ah-prismatic-v1,PHYSICS_REFERENCE,NEAR_BOUNDARY,4.0,1200.0,1143.715526107108,0.9167329164122916
baseline,baseline-v1,blast-lite-lfp-gr-250ah-prismatic-2019-v1,blast-lite-b093495-250ah-prismatic-v1,PHYSICS_REFERENCE,NEAR_BOUNDARY,4.083333333333333,1225.0,1166.6338490174153,0.9154590656304528
baseline,baseline-v1,blast-lite-lfp-gr-250ah-prismatic-2019-v1,blast-lite-b093495-250ah-prismatic-v1,PHYSICS_REFERENCE,NEAR_BOUNDARY,4.166666666666667,1250.0,1189.5203256581767,0.914192896076659
baseline,baseline-v1,blast-lite-lfp-gr-250ah-prismatic-2019-v1,blast-lite-b093495-250ah-prismatic-v1,PHYSICS_REFERENCE,NEAR_BOUNDARY,4.25,1275.0,1212.3751480600931,0.9129342435686247
baseline,baseline-v1,blast-lite-lfp-gr-250ah-prismatic-2019-v1,blast-lite-b093495-250ah-prismatic-v1,PHYSICS_REFERENCE,NEAR_BOUNDARY,4.333333333333333,1300.0,1235.1985041493087,0.9116829508045052
baseline,baseline-v1,blast-lite-lfp-gr-250ah-prismatic-2019-v1,blast-lite-b093495-250ah-prismatic-v1,PHYSICS_REFERENCE,NEAR_BOUNDARY,4.416666666666667,1325.0,1257.9905779194214,0.910438866940591
baseline,baseline-v1,blast-lite-lfp-gr-250ah-prismatic-2019-v1,blast-lite-b093495-250ah-prismatic-v1,PHYSICS_REFERENCE,NEAR_BOUNDARY,4.5,1350.0,1280.7515495929363,0.9092018472026311
baseline,baseline-v1,blast-lite-lfp-gr-250ah-prismatic-2019-v1,blast-lite-b093495-250ah-prismatic-v1,PHYSICS_REFERENCE,NEAR_BOUNDARY,4.583333333333333,1375.0,1303.481595773002,0.9079717525275235
baseline,baseline-v1,blast-lite-lfp-gr-250ah-prismatic-2019-v1,blast-lite-b093495-250ah-prismatic-v1,PHYSICS_REFERENCE,NEAR_BOUNDARY,4.666666666666667,1400.0,1326.18088958619,0.9067484492324793
baseline,baseline-v1,blast-lite-lfp-gr-250ah-prismatic-2019-v1,blast-lite-b093495-250ah-prismatic-v1,PHYSICS_REFERENCE,NEAR_BOUNDARY,4.75,1425.0,1348.849600817002,0.9055318087090931
baseline,baseline-v1,blast-lite-lfp-gr-250ah-prismatic-2019-v1,blast-lite-b093495-250ah-prismatic-v1,PHYSICS_REFERENCE,NEAR_BOUNDARY,4.833333333333333,1450.0,1371.4878960347294,0.904321707140032
baseline,baseline-v1,blast-lite-lfp-gr-250ah-prismatic-2019-v1,blast-lite-b093495-250ah-prismatic-v1,PHYSICS_REFERENCE,NEAR_BOUNDARY,4.916666666666667,1475.0,1394.0959387132302,0.9031180252363034
baseline,baseline-v1,blast-lite-lfp-gr-250ah-prismatic-2019-v1,blast-lite-b093495-250ah-prismatic-v1,PHYSICS_REFERENCE,NEAR_BOUNDARY,5.0,1500.0,1416.6738893441377,0.9019206479932745
baseline,baseline-v1,blast-lite-lfp-gr-250ah-prismatic-2019-v1,blast-lite-b093495-250ah-prismatic-v1,PHYSICS_REFERENCE,NEAR_BOUNDARY,5.083333333333333,1525.0,1439.2219055439696,0.9007294644638135
baseline,baseline-v1,blast-lite-lfp-gr-250ah-prismatic-2019-v1,blast-lite-b093495-250ah-prismatic-v1,PHYSICS_REFERENCE,NEAR_BOUNDARY,5.166666666666667,1550.0,1461.7401421555649,0.8995443675470777
baseline,baseline-v1,blast-lite-lfp-gr-250ah-prismatic-2019-v1,blast-lite-b093495-250ah-prismatic-v1,PHYSICS_REFERENCE,NEAR_BOUNDARY,5.25,1575.0,1484.2287513442418,0.8983652537916363
baseline,baseline-v1,blast-lite-lfp-gr-250ah-prismatic-2019-v1,blast-lite-b093495-250ah-prismatic-v1,PHYSICS_REFERENCE,NEAR_BOUNDARY,5.333333333333333,1600.0,1506.6878826890327,0.897192023211735
baseline,baseline-v1,blast-lite-lfp-gr-250ah-prismatic-2019-v1,blast-lite-b093495-250ah-prismatic-v1,PHYSICS_REFERENCE,NEAR_BOUNDARY,5.416666666666667,1625.0,1529.117683269326,0.8960245791156292
baseline,baseline-v1,blast-lite-lfp-gr-250ah-prismatic-2019-v1,blast-lite-b093495-250ah-prismatic-v1,PHYSICS_REFERENCE,NEAR_BOUNDARY,5.5,1650.0,1551.5182977472168,0.8948628279450173
baseline,baseline-v1,blast-lite-lfp-gr-250ah-prismatic-2019-v1,blast-lite-b093495-250ah-prismatic-v1,PHYSICS_REFERENCE,NEAR_BOUNDARY,5.583333333333333,1675.0,1573.8898684458422,0.8937066791246959
baseline,baseline-v1,blast-lite-lfp-gr-250ah-prismatic-2019-v1,blast-lite-b093495-250ah-prismatic-v1,PHYSICS_REFERENCE,NEAR_BOUNDARY,5.666666666666667,1700.0,1596.2325354239597,0.8925560449216383
baseline,baseline-v1,blast-lite-lfp-gr-250ah-prismatic-2019-v1,blast-lite-b093495-250ah-prismatic-v1,PHYSICS_REFERENCE,NEAR_BOUNDARY,5.75,1725.0,1618.5464365470007,0.8914108403127754
baseline,baseline-v1,blast-lite-lfp-gr-250ah-prismatic-2019-v1,blast-lite-b093495-250ah-prismatic-v1,PHYSICS_REFERENCE,NEAR_BOUNDARY,5.833333333333333,1750.0,1640.83170755482,0.8902709828608181
baseline,baseline-v1,blast-lite-lfp-gr-250ah-prismatic-2019-v1,blast-lite-b093495-250ah-prismatic-v1,PHYSICS_REFERENCE,NEAR_BOUNDARY,5.916666666666667,1775.0,1663.0884821263405,0.8891363925975251
baseline,baseline-v1,blast-lite-lfp-gr-250ah-prismatic-2019-v1,blast-lite-b093495-250ah-prismatic-v1,PHYSICS_REFERENCE,NEAR_BOUNDARY,6.0,1800.0,1685.3168919412788,0.8880069919138649
baseline,baseline-v1,blast-lite-lfp-gr-250ah-prismatic-2019-v1,blast-lite-b093495-250ah-prismatic-v1,PHYSICS_REFERENCE,NEAR_BOUNDARY,6.083333333333333,1825.0,1707.5170667391253,0.8868827054565773
baseline,baseline-v1,blast-lite-lfp-gr-250ah-prismatic-2019-v1,blast-lite-b093495-250ah-prismatic-v1,PHYSICS_REFERENCE,NEAR_BOUNDARY,6.166666666666667,1850.0,1729.6891343755397,0.8857634600306724
baseline,baseline-v1,blast-lite-lfp-gr-250ah-prismatic-2019-v1,blast-lite-b093495-250ah-prismatic-v1,PHYSICS_REFERENCE,NEAR_BOUNDARY,6.25,1875.0,1751.8332208763065,0.8846491845074528
baseline,baseline-v1,blast-lite-lfp-gr-250ah-prismatic-2019-v1,blast-lite-b093495-250ah-prismatic-v1,PHYSICS_REFERENCE,NEAR_BOUNDARY,6.333333333333333,1900.0,1773.9494504889929,0.8835398097376733
baseline,baseline-v1,blast-lite-lfp-gr-250ah-prismatic-2019-v1,blast-lite-b093495-250ah-prismatic-v1,PHYSICS_REFERENCE,NEAR_BOUNDARY,6.416666666666667,1925.0,1796.0379457324348,0.8824352684694856
baseline,baseline-v1,blast-lite-lfp-gr-250ah-prismatic-2019-v1,blast-lite-b093495-250ah-prismatic-v1,PHYSICS_REFERENCE,NEAR_BOUNDARY,6.5,1950.0,1818.098827444172,0.8813354952708454
baseline,baseline-v1,blast-lite-lfp-gr-250ah-prismatic-2019-v1,blast-lite-b093495-250ah-prismatic-v1,PHYSICS_REFERENCE,NEAR_BOUNDARY,6.583333333333333,1975.0,1840.132214825943,0.8802404264560829
baseline,baseline-v1,blast-lite-lfp-gr-250ah-prismatic-2019-v1,blast-lite-b093495-250ah-prismatic-v1,PHYSICS_REFERENCE,NEAR_BOUNDARY,6.666666666666667,2000.0,1862.1382254873452,0.8791500000163623
baseline,baseline-v1,blast-lite-lfp-gr-250ah-prismatic-2019-v1,blast-lite-b093495-250ah-prismatic-v1,PHYSICS_REFERENCE,NEAR_BOUNDARY,6.75,2025.0,1884.1169754877542,0.8780641555537783
baseline,baseline-v1,blast-lite-lfp-gr-250ah-prismatic-2019-v1,blast-lite-b093495-250ah-prismatic-v1,PHYSICS_REFERENCE,NEAR_BOUNDARY,6.833333333333333,2050.0,1906.0685793765986,0.8769828342188541
baseline,baseline-v1,blast-lite-lfp-gr-250ah-prismatic-2019-v1,blast-lite-b093495-250ah-prismatic-v1,PHYSICS_REFERENCE,NEAR_BOUNDARY,6.916666666666667,2075.0,1927.9931502320699,0.8759059786512274
baseline,baseline-v1,blast-lite-lfp-gr-250ah-prismatic-2019-v1,blast-lite-b093495-250ah-prismatic-v1,PHYSICS_REFERENCE,NEAR_BOUNDARY,7.0,2100.0,1949.8907996983505,0.8748335329233208
baseline,baseline-v1,blast-lite-lfp-gr-250ah-prismatic-2019-v1,blast-lite-b093495-250ah-prismatic-v1,PHYSICS_REFERENCE,NEAR_BOUNDARY,7.083333333333333,2125.0,1971.7616380214336,0.8737654424868164
baseline,baseline-v1,blast-lite-lfp-gr-250ah-prismatic-2019-v1,blast-lite-b093495-250ah-prismatic-v1,PHYSICS_REFERENCE,NEAR_BOUNDARY,7.166666666666667,2150.0,1993.605774083604,0.8727016541217595
baseline,baseline-v1,blast-lite-lfp-gr-250ah-prismatic-2019-v1,blast-lite-b093495-250ah-prismatic-v1,PHYSICS_REFERENCE,NEAR_BOUNDARY,7.25,2175.0,2015.423315436648,0.8716421158881329
baseline,baseline-v1,blast-lite-lfp-gr-250ah-prismatic-2019-v1,blast-lite-b093495-250ah-prismatic-v1,PHYSICS_REFERENCE,NEAR_BOUNDARY,7.333333333333333,2200.0,2037.2143683338513,0.8705867770797566
baseline,baseline-v1,blast-lite-lfp-gr-250ah-prismatic-2019-v1,blast-lite-b093495-250ah-prismatic-v1,PHYSICS_REFERENCE,NEAR_BOUNDARY,7.416666666666667,2225.0,2058.979037760845,0.8695355881803729
baseline,baseline-v1,blast-lite-lfp-gr-250ah-prismatic-2019-v1,blast-lite-b093495-250ah-prismatic-v1,PHYSICS_REFERENCE,NEAR_BOUNDARY,7.5,2250.0,2080.7174274653544,0.8684885008217891
baseline,baseline-v1,blast-lite-lfp-gr-250ah-prismatic-2019-v1,blast-lite-b093495-250ah-prismatic-v1,PHYSICS_REFERENCE,NEAR_BOUNDARY,7.583333333333333,2275.0,2102.429639985899,0.8674454677439615
baseline,baseline-v1,blast-lite-lfp-gr-250ah-prismatic-2019-v1,blast-lite-b093495-250ah-prismatic-v1,PHYSICS_REFERENCE,NEAR_BOUNDARY,7.666666666666667,2300.0,2124.115776679498,0.8664064427569081
baseline,baseline-v1,blast-lite-lfp-gr-250ah-prismatic-2019-v1,blast-lite-b093495-250ah-prismatic-v1,PHYSICS_REFERENCE,NEAR_BOUNDARY,7.75,2325.0,2145.775937748421,0.8653713807043465
baseline,baseline-v1,blast-lite-lfp-gr-250ah-prismatic-2019-v1,blast-lite-b093495-250ah-prismatic-v1,PHYSICS_REFERENCE,NEAR_BOUNDARY,7.833333333333333,2350.0,2167.4102222660295,0.864340237428962
baseline,baseline-v1,blast-lite-lfp-gr-250ah-prismatic-2019-v1,blast-lite-b093495-250ah-prismatic-v1,PHYSICS_REFERENCE,NEAR_BOUNDARY,7.916666666666667,2375.0,2189.0187282017537,0.8633129697392139
baseline,baseline-v1,blast-lite-lfp-gr-250ah-prismatic-2019-v1,blast-lite-b093495-250ah-prismatic-v1,PHYSICS_REFERENCE,NEAR_BOUNDARY,8.0,2400.0,2210.601552445234,0.8622895353775987
baseline,baseline-v1,blast-lite-lfp-gr-250ah-prismatic-2019-v1,blast-lite-b093495-250ah-prismatic-v1,PHYSICS_REFERENCE,NEAR_BOUNDARY,8.083333333333334,2425.0,2232.158790829674,0.8612698929902887
baseline,baseline-v1,blast-lite-lfp-gr-250ah-prismatic-2019-v1,blast-lite-b093495-250ah-prismatic-v1,PHYSICS_REFERENCE,NEAR_BOUNDARY,8.166666666666666,2450.0,2253.6905381544316,0.8602540020980735
baseline,baseline-v1,blast-lite-lfp-gr-250ah-prismatic-2019-v1,blast-lite-b093495-250ah-prismatic-v1,PHYSICS_REFERENCE,NEAR_BOUNDARY,8.25,2475.0,2275.1968882068836,0.8592418230685365
baseline,baseline-v1,blast-lite-lfp-gr-250ah-prismatic-2019-v1,blast-lite-b093495-250ah-prismatic-v1,PHYSICS_REFERENCE,NEAR_BOUNDARY,8.333333333333334,2500.0,2296.677933783597,0.8582333170893998
baseline,baseline-v1,blast-lite-lfp-gr-250ah-prismatic-2019-v1,blast-lite-b093495-250ah-prismatic-v1,PHYSICS_REFERENCE,NEAR_BOUNDARY,8.416666666666666,2525.0,2318.133766710832,0.8572284461429778
baseline,baseline-v1,blast-lite-lfp-gr-250ah-prismatic-2019-v1,blast-lite-b093495-250ah-prismatic-v1,PHYSICS_REFERENCE,NEAR_BOUNDARY,8.5,2550.0,2339.5644778644064,0.8562271729816833
baseline,baseline-v1,blast-lite-lfp-gr-250ah-prismatic-2019-v1,blast-lite-b093495-250ah-prismatic-v1,PHYSICS_REFERENCE,NEAR_BOUNDARY,8.583333333333334,2575.0,2360.9701571889486,0.8552294611045307
baseline,baseline-v1,blast-lite-lfp-gr-250ah-prismatic-2019-v1,blast-lite-b093495-250ah-prismatic-v1,PHYSICS_REFERENCE,NEAR_BOUNDARY,8.666666666666666,2600.0,2382.350893716562,0.8542352747345883
baseline,baseline-v1,blast-lite-lfp-gr-250ah-prismatic-2019-v1,blast-lite-b093495-250ah-prismatic-v1,PHYSICS_REFERENCE,NEAR_BOUNDARY,8.75,2625.0,2403.7067755849266,0.8532445787973312
baseline,baseline-v1,blast-lite-lfp-gr-250ah-prismatic-2019-v1,blast-lite-b093495-250ah-prismatic-v1,PHYSICS_REFERENCE,NEAR_BOUNDARY,8.833333333333334,2650.0,2425.03789005486,0.8522573388998498
baseline,baseline-v1,blast-lite-lfp-gr-250ah-prismatic-2019-v1,blast-lite-b093495-250ah-prismatic-v1,PHYSICS_REFERENCE,NEAR_BOUNDARY,8.916666666666666,2675.0,2446.344323527356,0.8512735213108737
baseline,baseline-v1,blast-lite-lfp-gr-250ah-prismatic-2019-v1,blast-lite-b093495-250ah-prismatic-v1,PHYSICS_REFERENCE,NEAR_BOUNDARY,9.0,2700.0,2467.626161560128,0.8502930929415705
baseline,baseline-v1,blast-lite-lfp-gr-250ah-prismatic-2019-v1,blast-lite-b093495-250ah-prismatic-v1,PHYSICS_REFERENCE,NEAR_BOUNDARY,9.083333333333334,2725.0,2488.8834888836673,0.8493160213270813
baseline,baseline-v1,blast-lite-lfp-gr-250ah-prismatic-2019-v1,blast-lite-b093495-250ah-prismatic-v1,PHYSICS_REFERENCE,NEAR_BOUNDARY,9.166666666666666,2750.0,2510.1163894168444,0.8483422746087612
baseline,baseline-v1,blast-lite-lfp-gr-250ah-prismatic-2019-v1,blast-lite-b093495-250ah-prismatic-v1,PHYSICS_REFERENCE,NEAR_BOUNDARY,9.25,2775.0,2531.3249462820636,0.847371821517088
baseline,baseline-v1,blast-lite-lfp-gr-250ah-prismatic-2019-v1,blast-lite-b093495-250ah-prismatic-v1,PHYSICS_REFERENCE,NEAR_BOUNDARY,9.333333333333334,2800.0,2552.5092418199906,0.8464046313552096
baseline,baseline-v1,blast-lite-lfp-gr-250ah-prismatic-2019-v1,blast-lite-b093495-250ah-prismatic-v1,PHYSICS_REFERENCE,NEAR_BOUNDARY,9.416666666666666,2825.0,2573.669357603871,0.8454406739831006
baseline,baseline-v1,blast-lite-lfp-gr-250ah-prismatic-2019-v1,blast-lite-b093495-250ah-prismatic-v1,PHYSICS_REFERENCE,NEAR_BOUNDARY,9.5,2850.0,2594.8053744534486,0.8444799198023004
baseline,baseline-v1,blast-lite-lfp-gr-250ah-prismatic-2019-v1,blast-lite-b093495-250ah-prismatic-v1,PHYSICS_REFERENCE,NEAR_BOUNDARY,9.583333333333334,2875.0,2615.9173724485063,0.8435223397412057
baseline,baseline-v1,blast-lite-lfp-gr-250ah-prismatic-2019-v1,blast-lite-b093495-250ah-prismatic-v1,PHYSICS_REFERENCE,NEAR_BOUNDARY,9.666666666666666,2900.0,2637.0054309420366,0.8425679052408925
baseline,baseline-v1,blast-lite-lfp-gr-250ah-prismatic-2019-v1,blast-lite-b093495-250ah-prismatic-v1,PHYSICS_REFERENCE,NEAR_BOUNDARY,9.75,2925.0,2658.0696285730587,0.8416165882414451
baseline,baseline-v1,blast-lite-lfp-gr-250ah-prismatic-2019-v1,blast-lite-b093495-250ah-prismatic-v1,PHYSICS_REFERENCE,NEAR_BOUNDARY,9.833333333333334,2950.0,2679.110043279095,0.8406683611687682
baseline,baseline-v1,blast-lite-lfp-gr-250ah-prismatic-2019-v1,blast-lite-b093495-250ah-prismatic-v1,PHYSICS_REFERENCE,NEAR_BOUNDARY,9.916666666666666,2975.0,2700.1267523083143,0.8397231969218618
baseline,baseline-v1,blast-lite-lfp-gr-250ah-prismatic-2019-v1,blast-lite-b093495-250ah-prismatic-v1,PHYSICS_REFERENCE,NEAR_BOUNDARY,10.0,3000.0,2721.1198322313608,0.838781068860539
baseline,baseline-v1,blast-lite-lfp-gr-250ah-prismatic-2019-v1,blast-lite-b093495-250ah-prismatic-v1,PHYSICS_REFERENCE,NEAR_BOUNDARY,10.083333333333334,3025.0,2742.089358952874,0.837841950793567
baseline,baseline-v1,blast-lite-lfp-gr-250ah-prismatic-2019-v1,blast-lite-b093495-250ah-prismatic-v1,PHYSICS_REFERENCE,NEAR_BOUNDARY,10.166666666666666,3050.0,2763.0354077227134,0.8369058169672128
baseline,baseline-v1,blast-lite-lfp-gr-250ah-prismatic-2019-v1,blast-lite-b093495-250ah-prismatic-v1,PHYSICS_REFERENCE,NEAR_BOUNDARY,10.25,3075.0,2783.9580531468937,0.8359726420541789
baseline,baseline-v1,blast-lite-lfp-gr-250ah-prismatic-2019-v1,blast-lite-b093495-250ah-prismatic-v1,PHYSICS_REFERENCE,NEAR_BOUNDARY,10.333333333333334,3100.0,2804.8573691982483,0.8350424011429087
baseline,baseline-v1,blast-lite-lfp-gr-250ah-prismatic-2019-v1,blast-lite-b093495-250ah-prismatic-v1,PHYSICS_REFERENCE,NEAR_BOUNDARY,10.416666666666666,3125.0,2825.733429226821,0.8341150697272502
baseline,baseline-v1,blast-lite-lfp-gr-250ah-prismatic-2019-v1,blast-lite-b093495-250ah-prismatic-v1,PHYSICS_REFERENCE,NEAR_BOUNDARY,10.5,3150.0,2846.5863059700023,0.8331906236964604
baseline,baseline-v1,blast-lite-lfp-gr-250ah-prismatic-2019-v1,blast-lite-b093495-250ah-prismatic-v1,PHYSICS_REFERENCE,NEAR_BOUNDARY,10.583333333333334,3175.0,2867.416071562414,0.8322690393255374
baseline,baseline-v1,blast-lite-lfp-gr-250ah-prismatic-2019-v1,blast-lite-b093495-250ah-prismatic-v1,PHYSICS_REFERENCE,NEAR_BOUNDARY,10.666666666666666,3200.0,2888.222797545552,0.8313502932658674
baseline,baseline-v1,blast-lite-lfp-gr-250ah-prismatic-2019-v1,blast-lite-b093495-250ah-prismatic-v1,PHYSICS_REFERENCE,NEAR_BOUNDARY,10.75,3225.0,2909.0065548771986,0.8304343625361728
baseline,baseline-v1,blast-lite-lfp-gr-250ah-prismatic-2019-v1,blast-lite-b093495-250ah-prismatic-v1,PHYSICS_REFERENCE,NEAR_BOUNDARY,10.833333333333334,3250.0,2929.767413940603,0.8295212245137511
baseline,baseline-v1,blast-lite-lfp-gr-250ah-prismatic-2019-v1,blast-lite-b093495-250ah-prismatic-v1,PHYSICS_REFERENCE,NEAR_BOUNDARY,10.916666666666666,3275.0,2950.505444553447,0.8286108569259898
baseline,baseline-v1,blast-lite-lfp-gr-250ah-prismatic-2019-v1,blast-lite-b093495-250ah-prismatic-v1,PHYSICS_REFERENCE,NEAR_BOUNDARY,11.0,3300.0,2971.2207159765967,0.8277032378421508
baseline,baseline-v1,blast-lite-lfp-gr-250ah-prismatic-2019-v1,blast-lite-b093495-250ah-prismatic-v1,PHYSICS_REFERENCE,NEAR_BOUNDARY,11.083333333333334,3325.0,2991.9132969226503,0.8267983456654102
baseline,baseline-v1,blast-lite-lfp-gr-250ah-prismatic-2019-v1,blast-lite-b093495-250ah-prismatic-v1,PHYSICS_REFERENCE,NEAR_BOUNDARY,11.166666666666666,3350.0,3012.5832555642855,0.8258961591251449
baseline,baseline-v1,blast-lite-lfp-gr-250ah-prismatic-2019-v1,blast-lite-b093495-250ah-prismatic-v1,PHYSICS_REFERENCE,NEAR_BOUNDARY,11.25,3375.0,3033.2306595424143,0.8249966572694578
baseline,baseline-v1,blast-lite-lfp-gr-250ah-prismatic-2019-v1,blast-lite-b093495-250ah-prismatic-v1,PHYSICS_REFERENCE,NEAR_BOUNDARY,11.333333333333334,3400.0,3053.8555759741507,0.8240998194579291
baseline,baseline-v1,blast-lite-lfp-gr-250ah-prismatic-2019-v1,blast-lite-b093495-250ah-prismatic-v1,PHYSICS_REFERENCE,NEAR_BOUNDARY,11.416666666666666,3425.0,3074.458071460599,0.8232056253545892
baseline,baseline-v1,blast-lite-lfp-gr-250ah-prismatic-2019-v1,blast-lite-b093495-250ah-prismatic-v1,PHYSICS_REFERENCE,NEAR_BOUNDARY,11.5,3450.0,3095.0382120944637,0.8223140549211014
baseline,baseline-v1,blast-lite-lfp-gr-250ah-prismatic-2019-v1,blast-lite-b093495-250ah-prismatic-v1,PHYSICS_REFERENCE,NEAR_BOUNDARY,11.583333333333334,3475.0,3115.596063467491,0.8214250884101497
baseline,baseline-v1,blast-lite-lfp-gr-250ah-prismatic-2019-v1,blast-lite-b093495-250ah-prismatic-v1,PHYSICS_REFERENCE,NEAR_BOUNDARY,11.666666666666666,3500.0,3136.1316906777447,0.8205387063590204
baseline,baseline-v1,blast-lite-lfp-gr-250ah-prismatic-2019-v1,blast-lite-b093495-250ah-prismatic-v1,PHYSICS_REFERENCE,NEAR_BOUNDARY,11.75,3525.0,3156.64515833672,0.8196548895833744
baseline,baseline-v1,blast-lite-lfp-gr-250ah-prismatic-2019-v1,blast-lite-b093495-250ah-prismatic-v1,PHYSICS_REFERENCE,NEAR_BOUNDARY,11.833333333333334,3550.0,3177.1365305763047,0.8187736191711998
baseline,baseline-v1,blast-lite-lfp-gr-250ah-prismatic-2019-v1,blast-lite-b093495-250ah-prismatic-v1,PHYSICS_REFERENCE,NEAR_BOUNDARY,11.916666666666666,3575.0,3197.605871055585,0.8178948764769409
baseline,baseline-v1,blast-lite-lfp-gr-250ah-prismatic-2019-v1,blast-lite-b093495-250ah-prismatic-v1,PHYSICS_REFERENCE,NEAR_BOUNDARY,12.0,3600.0,3218.0532429675086,0.8170186431157951
baseline,baseline-v1,blast-lite-lfp-gr-250ah-prismatic-2019-v1,blast-lite-b093495-250ah-prismatic-v1,PHYSICS_REFERENCE,NEAR_BOUNDARY,12.083333333333334,3625.0,3238.4787090454033,0.8161449009581727
baseline,baseline-v1,blast-lite-lfp-gr-250ah-prismatic-2019-v1,blast-lite-b093495-250ah-prismatic-v1,PHYSICS_REFERENCE,NEAR_BOUNDARY,12.166666666666666,3650.0,3258.8823315693576,0.8152736321243156
baseline,baseline-v1,blast-lite-lfp-gr-250ah-prismatic-2019-v1,blast-lite-b093495-250ah-prismatic-v1,PHYSICS_REFERENCE,NEAR_BOUNDARY,12.25,3675.0,3279.2641723724655,0.8144048189790646
baseline,baseline-v1,blast-lite-lfp-gr-250ah-prismatic-2019-v1,blast-lite-b093495-250ah-prismatic-v1,PHYSICS_REFERENCE,NEAR_BOUNDARY,12.333333333333334,3700.0,3299.624292846942,0.8135384441267748
baseline,baseline-v1,blast-lite-lfp-gr-250ah-prismatic-2019-v1,blast-lite-b093495-250ah-prismatic-v1,PHYSICS_REFERENCE,NEAR_BOUNDARY,12.416666666666666,3725.0,3319.962753950111,0.8126744904063727
baseline,baseline-v1,blast-lite-lfp-gr-250ah-prismatic-2019-v1,blast-lite-b093495-250ah-prismatic-v1,PHYSICS_REFERENCE,NEAR_BOUNDARY,12.5,3750.0,3340.2796162102704,0.8118129408865475
baseline,baseline-v1,blast-lite-lfp-gr-250ah-prismatic-2019-v1,blast-lite-b093495-250ah-prismatic-v1,PHYSICS_REFERENCE,NEAR_BOUNDARY,12.583333333333334,3775.0,3360.574939732434,0.8109537788610761
baseline,baseline-v1,blast-lite-lfp-gr-250ah-prismatic-2019-v1,blast-lite-b093495-250ah-prismatic-v1,PHYSICS_REFERENCE,NEAR_BOUNDARY,12.666666666666666,3800.0,3380.848784203961,0.8100969878442736
baseline,baseline-v1,blast-lite-lfp-gr-250ah-prismatic-2019-v1,blast-lite-b093495-250ah-prismatic-v1,PHYSICS_REFERENCE,NEAR_BOUNDARY,12.75,3825.0,3401.101208900068,0.8092425515665683
baseline,baseline-v1,blast-lite-lfp-gr-250ah-prismatic-2019-v1,blast-lite-b093495-250ah-prismatic-v1,PHYSICS_REFERENCE,NEAR_BOUNDARY,12.833333333333334,3850.0,3421.332272689232,0.8083904539701936
baseline,baseline-v1,blast-lite-lfp-gr-250ah-prismatic-2019-v1,blast-lite-b093495-250ah-prismatic-v1,PHYSICS_REFERENCE,NEAR_BOUNDARY,12.916666666666666,3875.0,3441.5420340384867,0.8075406792049955
baseline,baseline-v1,blast-lite-lfp-gr-250ah-prismatic-2019-v1,blast-lite-b093495-250ah-prismatic-v1,PHYSICS_REFERENCE,NEAR_BOUNDARY,13.0,3900.0,3461.7305510186115,0.8066932116243524
baseline,baseline-v1,blast-lite-lfp-gr-250ah-prismatic-2019-v1,blast-lite-b093495-250ah-prismatic-v1,PHYSICS_REFERENCE,NEAR_BOUNDARY,13.083333333333334,3925.0,3481.8978813092203,0.8058480357811991
baseline,baseline-v1,blast-lite-lfp-gr-250ah-prismatic-2019-v1,blast-lite-b093495-250ah-prismatic-v1,PHYSICS_REFERENCE,NEAR_BOUNDARY,13.166666666666666,3950.0,3502.0440822037503,0.8050051364241575
baseline,baseline-v1,blast-lite-lfp-gr-250ah-prismatic-2019-v1,blast-lite-b093495-250ah-prismatic-v1,PHYSICS_REFERENCE,NEAR_BOUNDARY,13.25,3975.0,3522.169210614354,0.8041644984937661
baseline,baseline-v1,blast-lite-lfp-gr-250ah-prismatic-2019-v1,blast-lite-b093495-250ah-prismatic-v1,PHYSICS_REFERENCE,NEAR_BOUNDARY,13.333333333333334,4000.0,3542.2733230766985,0.8033261071188071
baseline,baseline-v1,blast-lite-lfp-gr-250ah-prismatic-2019-v1,blast-lite-b093495-250ah-prismatic-v1,PHYSICS_REFERENCE,NEAR_BOUNDARY,13.416666666666666,4025.0,3562.3564757546687,0.802489947612728
baseline,baseline-v1,blast-lite-lfp-gr-250ah-prismatic-2019-v1,blast-lite-b093495-250ah-prismatic-v1,PHYSICS_REFERENCE,NEAR_BOUNDARY,13.5,4050.0,3582.4187244449868,0.8016560054701526
baseline,baseline-v1,blast-lite-lfp-gr-250ah-prismatic-2019-v1,blast-lite-b093495-250ah-prismatic-v1,PHYSICS_REFERENCE,NEAR_BOUNDARY,13.583333333333334,4075.0,3602.4601245817407,0.8008242663634828
baseline,baseline-v1,blast-lite-lfp-gr-250ah-prismatic-2019-v1,blast-lite-b093495-250ah-prismatic-v1,PHYSICS_REFERENCE,NEAR_BOUNDARY,13.666666666666666,4100.0,3622.480731240828,0.7999947161395838
baseline,baseline-v1,blast-lite-lfp-gr-250ah-prismatic-2019-v1,blast-lite-b093495-250ah-prismatic-v1,PHYSICS_REFERENCE,NEAR_BOUNDARY,13.75,4125.0,3642.4805991443177,0.7991673408165519
baseline,baseline-v1,blast-lite-lfp-gr-250ah-prismatic-2019-v1,blast-lite-b093495-250ah-prismatic-v1,PHYSICS_REFERENCE,NEAR_BOUNDARY,13.833333333333334,4150.0,3662.4597826647314,0.7983421265805641
baseline,baseline-v1,blast-lite-lfp-gr-250ah-prismatic-2019-v1,blast-lite-b093495-250ah-prismatic-v1,PHYSICS_REFERENCE,NEAR_BOUNDARY,13.916666666666666,4175.0,3682.4183358292453,0.7975190597828035
baseline,baseline-v1,blast-lite-lfp-gr-250ah-prismatic-2019-v1,blast-lite-b093495-250ah-prismatic-v1,PHYSICS_REFERENCE,NEAR_BOUNDARY,14.0,4200.0,3702.3563123238155,0.7966981269364617
baseline,baseline-v1,blast-lite-lfp-gr-250ah-prismatic-2019-v1,blast-lite-b093495-250ah-prismatic-v1,PHYSICS_REFERENCE,NEAR_BOUNDARY,14.083333333333334,4225.0,3722.273765497227,0.795879314713812
baseline,baseline-v1,blast-lite-lfp-gr-250ah-prismatic-2019-v1,blast-lite-b093495-250ah-prismatic-v1,PHYSICS_REFERENCE,NEAR_BOUNDARY,14.166666666666666,4250.0,3742.1707483650725,0.7950626099433566
baseline,baseline-v1,blast-lite-lfp-gr-250ah-prismatic-2019-v1,blast-lite-b093495-250ah-prismatic-v1,PHYSICS_REFERENCE,NEAR_BOUNDARY,14.25,4275.0,3762.0473136136566,0.7942479996070388
baseline,baseline-v1,blast-lite-lfp-gr-250ah-prismatic-2019-v1,blast-lite-b093495-250ah-prismatic-v1,PHYSICS_REFERENCE,NEAR_BOUNDARY,14.333333333333334,4300.0,3781.9035136038324,0.7934354708375242
baseline,baseline-v1,blast-lite-lfp-gr-250ah-prismatic-2019-v1,blast-lite-b093495-250ah-prismatic-v1,PHYSICS_REFERENCE,NEAR_BOUNDARY,14.416666666666666,4325.0,3801.7394003747704,0.7926250109155459
baseline,baseline-v1,blast-lite-lfp-gr-250ah-prismatic-2019-v1,blast-lite-b093495-250ah-prismatic-v1,PHYSICS_REFERENCE,NEAR_BOUNDARY,14.5,4350.0,3821.555025647659,0.7918166072673121
baseline,baseline-v1,blast-lite-lfp-gr-250ah-prismatic-2019-v1,blast-lite-b093495-250ah-prismatic-v1,PHYSICS_REFERENCE,NEAR_BOUNDARY,14.583333333333334,4375.0,3841.350440829342,0.7910102474619745
baseline,baseline-v1,blast-lite-lfp-gr-250ah-prismatic-2019-v1,blast-lite-b093495-250ah-prismatic-v1,PHYSICS_REFERENCE,NEAR_BOUNDARY,14.666666666666666,4400.0,3861.1256970158915,0.7902059192091565
baseline,baseline-v1,blast-lite-lfp-gr-250ah-prismatic-2019-v1,blast-lite-b093495-250ah-prismatic-v1,PHYSICS_REFERENCE,NEAR_BOUNDARY,14.75,4425.0,3880.8808449961202,0.7894036103565378
baseline,baseline-v1,blast-lite-lfp-gr-250ah-prismatic-2019-v1,blast-lite-b093495-250ah-prismatic-v1,PHYSICS_REFERENCE,NEAR_BOUNDARY,14.833333333333334,4450.0,3900.6159352550335,0.7886033088874954
baseline,baseline-v1,blast-lite-lfp-gr-250ah-prismatic-2019-v1,blast-lite-b093495-250ah-prismatic-v1,PHYSICS_REFERENCE,NEAR_BOUNDARY,14.916666666666666,4475.0,3920.3310179772207,0.7878050029187977
baseline,baseline-v1,blast-lite-lfp-gr-250ah-prismatic-2019-v1,blast-lite-b093495-250ah-prismatic-v1,PHYSICS_REFERENCE,NEAR_BOUNDARY,15.0,4500.0,3940.0261430501905,0.7870086806983525
baseline,baseline-v1,blast-lite-lfp-gr-250ah-prismatic-2019-v1,blast-lite-b093495-250ah-prismatic-v1,PHYSICS_REFERENCE,NEAR_BOUNDARY,15.083333333333334,4525.0,3959.701360067649,0.7862143306030052
baseline,baseline-v1,blast-lite-lfp-gr-250ah-prismatic-2019-v1,blast-lite-b093495-250ah-prismatic-v1,PHYSICS_REFERENCE,NEAR_BOUNDARY,15.166666666666666,4550.0,3979.356718332724,0.7854219411363862
baseline,baseline-v1,blast-lite-lfp-gr-250ah-prismatic-2019-v1,blast-lite-b093495-250ah-prismatic-v1,PHYSICS_REFERENCE,NEAR_BOUNDARY,15.25,4575.0,3998.992266861134,0.7846315009268078
baseline,baseline-v1,blast-lite-lfp-gr-250ah-prismatic-2019-v1,blast-lite-b093495-250ah-prismatic-v1,PHYSICS_REFERENCE,NEAR_BOUNDARY,15.333333333333334,4600.0,4018.608054384304,0.7838429987252064
baseline,baseline-v1,blast-lite-lfp-gr-250ah-prismatic-2019-v1,blast-lite-b093495-250ah-prismatic-v1,PHYSICS_REFERENCE,NEAR_BOUNDARY,15.416666666666666,4625.0,4038.2041293524344,0.7830564234031315
baseline,baseline-v1,blast-lite-lfp-gr-250ah-prismatic-2019-v1,blast-lite-b093495-250ah-prismatic-v1,PHYSICS_REFERENCE,NEAR_BOUNDARY,15.5,4650.0,4057.7805399375125,0.7822717639507787
baseline,baseline-v1,blast-lite-lfp-gr-250ah-prismatic-2019-v1,blast-lite-b093495-250ah-prismatic-v1,PHYSICS_REFERENCE,NEAR_BOUNDARY,15.583333333333334,4675.0,4077.337334036282,0.7814890094750646
baseline,baseline-v1,blast-lite-lfp-gr-250ah-prismatic-2019-v1,blast-lite-b093495-250ah-prismatic-v1,PHYSICS_REFERENCE,NEAR_BOUNDARY,15.666666666666666,4700.0,4096.874559273158,0.7807081491977461
baseline,baseline-v1,blast-lite-lfp-gr-250ah-prismatic-2019-v1,blast-lite-b093495-250ah-prismatic-v1,PHYSICS_REFERENCE,NEAR_BOUNDARY,15.75,4725.0,4116.392263003102,0.7799291724535771
baseline,baseline-v1,blast-lite-lfp-gr-250ah-prismatic-2019-v1,blast-lite-b093495-250ah-prismatic-v1,PHYSICS_REFERENCE,NEAR_BOUNDARY,15.833333333333334,4750.0,4135.890492314442,0.7791520686885085
baseline,baseline-v1,blast-lite-lfp-gr-250ah-prismatic-2019-v1,blast-lite-b093495-250ah-prismatic-v1,PHYSICS_REFERENCE,NEAR_BOUNDARY,15.916666666666666,4775.0,4155.369294031654,0.7783768274579235
baseline,baseline-v1,blast-lite-lfp-gr-250ah-prismatic-2019-v1,blast-lite-b093495-250ah-prismatic-v1,PHYSICS_REFERENCE,NEAR_BOUNDARY,16.0,4800.0,4174.828714718102,0.777603438424913
baseline,baseline-v1,blast-lite-lfp-gr-250ah-prismatic-2019-v1,blast-lite-b093495-250ah-prismatic-v1,PHYSICS_REFERENCE,NEAR_BOUNDARY,16.083333333333332,4825.0,4194.268800678725,0.7768318913585858
baseline,baseline-v1,blast-lite-lfp-gr-250ah-prismatic-2019-v1,blast-lite-b093495-250ah-prismatic-v1,PHYSICS_REFERENCE,NEAR_BOUNDARY,16.166666666666668,4850.0,4213.68959796269,0.7760621761324151
baseline,baseline-v1,blast-lite-lfp-gr-250ah-prismatic-2019-v1,blast-lite-b093495-250ah-prismatic-v1,PHYSICS_REFERENCE,NEAR_BOUNDARY,16.25,4875.0,4233.091152366,0.7752942827226204
baseline,baseline-v1,blast-lite-lfp-gr-250ah-prismatic-2019-v1,blast-lite-b093495-250ah-prismatic-v1,PHYSICS_REFERENCE,NEAR_BOUNDARY,16.333333333333332,4900.0,4252.473509434065,0.7745282012065811
baseline,baseline-v1,blast-lite-lfp-gr-250ah-prismatic-2019-v1,blast-lite-b093495-250ah-prismatic-v1,PHYSICS_REFERENCE,NEAR_BOUNDARY,16.416666666666668,4925.0,4271.83671446423,0.7737639217612853
baseline,baseline-v1,blast-lite-lfp-gr-250ah-prismatic-2019-v1,blast-lite-b093495-250ah-prismatic-v1,PHYSICS_REFERENCE,NEAR_BOUNDARY,16.5,4950.0,4291.180812508262,0.773001434661809
baseline,baseline-v1,blast-lite-lfp-gr-250ah-prismatic-2019-v1,blast-lite-b093495-250ah-prismatic-v1,PHYSICS_REFERENCE,NEAR_BOUNDARY,16.583333333333332,4975.0,4310.505848374807,0.7722407302798273
baseline,baseline-v1,blast-lite-lfp-gr-250ah-prismatic-2019-v1,blast-lite-b093495-250ah-prismatic-v1,PHYSICS_REFERENCE,NEAR_BOUNDARY,16.666666666666668,5000.0,4329.811866631802,0.7714817990821554
baseline,baseline-v1,blast-lite-lfp-gr-250ah-prismatic-2019-v1,blast-lite-b093495-250ah-prismatic-v1,PHYSICS_REFERENCE,NEAR_BOUNDARY,16.75,5025.0,4349.098911608856,0.7707246316293199
baseline,baseline-v1,blast-lite-lfp-gr-250ah-prismatic-2019-v1,blast-lite-b093495-250ah-prismatic-v1,PHYSICS_REFERENCE,NEAR_BOUNDARY,16.833333333333332,5050.0,4368.367027399589,0.769969218574158
baseline,baseline-v1,blast-lite-lfp-gr-250ah-prismatic-2019-v1,blast-lite-b093495-250ah-prismatic-v1,PHYSICS_REFERENCE,NEAR_BOUNDARY,16.916666666666668,5075.0,4387.616257863942,0.7692155506604464
baseline,baseline-v1,blast-lite-lfp-gr-250ah-prismatic-2019-v1,blast-lite-b093495-250ah-prismatic-v1,PHYSICS_REFERENCE,NEAR_BOUNDARY,17.0,5100.0,4406.8466466304535,0.7684636187215557
baseline,baseline-v1,blast-lite-lfp-gr-250ah-prismatic-2019-v1,blast-lite-b093495-250ah-prismatic-v1,PHYSICS_REFERENCE,NEAR_BOUNDARY,17.083333333333332,5125.0,4426.058237098492,0.7677134136791327
baseline,baseline-v1,blast-lite-lfp-gr-250ah-prismatic-2019-v1,blast-lite-b093495-250ah-prismatic-v1,PHYSICS_REFERENCE,NEAR_BOUNDARY,17.166666666666668,5150.0,4445.25107244047,0.7669649265418091
baseline,baseline-v1,blast-lite-lfp-gr-250ah-prismatic-2019-v1,blast-lite-b093495-250ah-prismatic-v1,PHYSICS_REFERENCE,NEAR_BOUNDARY,17.25,5175.0,4464.425195604015,0.7662181484039345
baseline,baseline-v1,blast-lite-lfp-gr-250ah-prismatic-2019-v1,blast-lite-b093495-250ah-prismatic-v1,PHYSICS_REFERENCE,NEAR_BOUNDARY,17.333333333333332,5200.0,4483.5806493141135,0.7654730704443347
baseline,baseline-v1,blast-lite-lfp-gr-250ah-prismatic-2019-v1,blast-lite-b093495-250ah-prismatic-v1,PHYSICS_REFERENCE,NEAR_BOUNDARY,17.416666666666668,5225.0,4502.717476075222,0.764729683925095
baseline,baseline-v1,blast-lite-lfp-gr-250ah-prismatic-2019-v1,blast-lite-b093495-250ah-prismatic-v1,PHYSICS_REFERENCE,NEAR_BOUNDARY,17.5,5250.0,4521.83571817335,0.7639879801903657
baseline,baseline-v1,blast-lite-lfp-gr-250ah-prismatic-2019-v1,blast-lite-b093495-250ah-prismatic-v1,PHYSICS_REFERENCE,NEAR_BOUNDARY,17.583333333333332,5275.0,4540.935417678109,0.7632479506651917
baseline,baseline-v1,blast-lite-lfp-gr-250ah-prismatic-2019-v1,blast-lite-b093495-250ah-prismatic-v1,PHYSICS_REFERENCE,NEAR_BOUNDARY,17.666666666666668,5300.0,4560.016616444739,0.7625095868543641
baseline,baseline-v1,blast-lite-lfp-gr-250ah-prismatic-2019-v1,blast-lite-b093495-250ah-prismatic-v1,PHYSICS_REFERENCE,NEAR_BOUNDARY,17.75,5325.0,4579.079356116098,0.7617728803412935
baseline,baseline-v1,blast-lite-lfp-gr-250ah-prismatic-2019-v1,blast-lite-b093495-250ah-prismatic-v1,PHYSICS_REFERENCE,NEAR_BOUNDARY,17.833333333333332,5350.0,4598.123678124631,0.7610378227869058
baseline,baseline-v1,blast-lite-lfp-gr-250ah-prismatic-2019-v1,blast-lite-b093495-250ah-prismatic-v1,PHYSICS_REFERENCE,NEAR_BOUNDARY,17.916666666666668,5375.0,4617.149623694303,0.7603044059285573
baseline,baseline-v1,blast-lite-lfp-gr-250ah-prismatic-2019-v1,blast-lite-b093495-250ah-prismatic-v1,PHYSICS_REFERENCE,NEAR_BOUNDARY,18.0,5400.0,4636.157233842517,0.7595726215789718
baseline,baseline-v1,blast-lite-lfp-gr-250ah-prismatic-2019-v1,blast-lite-b093495-250ah-prismatic-v1,PHYSICS_REFERENCE,NEAR_BOUNDARY,18.083333333333332,5425.0,4655.146549381991,0.7588424616251964
baseline,baseline-v1,blast-lite-lfp-gr-250ah-prismatic-2019-v1,blast-lite-b093495-250ah-prismatic-v1,PHYSICS_REFERENCE,NEAR_BOUNDARY,18.166666666666668,5450.0,4674.117610922621,0.7581139180275773
baseline,baseline-v1,blast-lite-lfp-gr-250ah-prismatic-2019-v1,blast-lite-b093495-250ah-prismatic-v1,PHYSICS_REFERENCE,NEAR_BOUNDARY,18.25,5475.0,4693.070458873311,0.7573869828187548
baseline,baseline-v1,blast-lite-lfp-gr-250ah-prismatic-2019-v1,blast-lite-b093495-250ah-prismatic-v1,PHYSICS_REFERENCE,NEAR_BOUNDARY,18.333333333333332,5500.0,4712.005133443779,0.7566616481026764
baseline,baseline-v1,blast-lite-lfp-gr-250ah-prismatic-2019-v1,blast-lite-b093495-250ah-prismatic-v1,PHYSICS_REFERENCE,NEAR_BOUNDARY,18.416666666666668,5525.0,4730.921674646346,0.7559379060536283
baseline,baseline-v1,blast-lite-lfp-gr-250ah-prismatic-2019-v1,blast-lite-b093495-250ah-prismatic-v1,PHYSICS_REFERENCE,NEAR_BOUNDARY,18.5,5550.0,4749.820122297687,0.7552157489152846
baseline,baseline-v1,blast-lite-lfp-gr-250ah-prismatic-2019-v1,blast-lite-b093495-250ah-prismatic-v1,PHYSICS_REFERENCE,NEAR_BOUNDARY,18.583333333333332,5575.0,4768.700516020569,0.7544951689997734
baseline,baseline-v1,blast-lite-lfp-gr-250ah-prismatic-2019-v1,blast-lite-b093495-250ah-prismatic-v1,PHYSICS_REFERENCE,NEAR_BOUNDARY,18.666666666666668,5600.0,4787.562895245564,0.753776158686761
baseline,baseline-v1,blast-lite-lfp-gr-250ah-prismatic-2019-v1,blast-lite-b093495-250ah-prismatic-v1,PHYSICS_REFERENCE,NEAR_BOUNDARY,18.75,5625.0,4806.407299212733,0.7530587104225509
baseline,baseline-v1,blast-lite-lfp-gr-250ah-prismatic-2019-v1,blast-lite-b093495-250ah-prismatic-v1,PHYSICS_REFERENCE,NEAR_BOUNDARY,18.833333333333332,5650.0,4825.233766973297,0.7523428167192006
baseline,baseline-v1,blast-lite-lfp-gr-250ah-prismatic-2019-v1,blast-lite-b093495-250ah-prismatic-v1,PHYSICS_REFERENCE,NEAR_BOUNDARY,18.916666666666668,5675.0,4844.042337391277,0.751628470153653
baseline,baseline-v1,blast-lite-lfp-gr-250ah-prismatic-2019-v1,blast-lite-b093495-250ah-prismatic-v1,PHYSICS_REFERENCE,NEAR_BOUNDARY,19.0,5700.0,4862.833049145119,0.7509156633668839
baseline,baseline-v1,blast-lite-lfp-gr-250ah-prismatic-2019-v1,blast-lite-b093495-250ah-prismatic-v1,PHYSICS_REFERENCE,NEAR_BOUNDARY,19.083333333333332,5725.0,4881.6059407292905,0.7502043890630645
baseline,baseline-v1,blast-lite-lfp-gr-250ah-prismatic-2019-v1,blast-lite-b093495-250ah-prismatic-v1,PHYSICS_REFERENCE,NEAR_BOUNDARY,19.166666666666668,5750.0,4900.361050455867,0.7494946400087386
baseline,baseline-v1,blast-lite-lfp-gr-250ah-prismatic-2019-v1,blast-lite-b093495-250ah-prismatic-v1,PHYSICS_REFERENCE,NEAR_BOUNDARY,19.25,5775.0,4919.098416456086,0.7487864090320135
baseline,baseline-v1,blast-lite-lfp-gr-250ah-prismatic-2019-v1,blast-lite-b093495-250ah-prismatic-v1,PHYSICS_REFERENCE,NEAR_BOUNDARY,19.333333333333332,5800.0,4937.818076681886,0.748079689021767
baseline,baseline-v1,blast-lite-lfp-gr-250ah-prismatic-2019-v1,blast-lite-b093495-250ah-prismatic-v1,PHYSICS_REFERENCE,NEAR_BOUNDARY,19.416666666666668,5825.0,4956.52006890743,0.7473744729268657
baseline,baseline-v1,blast-lite-lfp-gr-250ah-prismatic-2019-v1,blast-lite-b093495-250ah-prismatic-v1,PHYSICS_REFERENCE,NEAR_BOUNDARY,19.5,5850.0,4975.204430730601,0.7466707537553988
baseline,baseline-v1,blast-lite-lfp-gr-250ah-prismatic-2019-v1,blast-lite-b093495-250ah-prismatic-v1,PHYSICS_REFERENCE,NEAR_BOUNDARY,19.583333333333332,5875.0,4993.871199574486,0.7459685245739244
baseline,baseline-v1,blast-lite-lfp-gr-250ah-prismatic-2019-v1,blast-lite-b093495-250ah-prismatic-v1,PHYSICS_REFERENCE,NEAR_BOUNDARY,19.666666666666668,5900.0,5012.520412688834,0.7452677785067277
baseline,baseline-v1,blast-lite-lfp-gr-250ah-prismatic-2019-v1,blast-lite-b093495-250ah-prismatic-v1,PHYSICS_REFERENCE,NEAR_BOUNDARY,19.75,5925.0,5031.152107151502,0.7445685087350942
baseline,baseline-v1,blast-lite-lfp-gr-250ah-prismatic-2019-v1,blast-lite-b093495-250ah-prismatic-v1,PHYSICS_REFERENCE,NEAR_BOUNDARY,19.833333333333332,5950.0,5049.766319869879,0.743870708496593
baseline,baseline-v1,blast-lite-lfp-gr-250ah-prismatic-2019-v1,blast-lite-b093495-250ah-prismatic-v1,PHYSICS_REFERENCE,NEAR_BOUNDARY,19.916666666666668,5975.0,5068.363087582294,0.7431743710843737
baseline,baseline-v1,blast-lite-lfp-gr-250ah-prismatic-2019-v1,blast-lite-b093495-250ah-prismatic-v1,PHYSICS_REFERENCE,NEAR_BOUNDARY,20.0,6000.0,5086.942446859403,0.7424794898464737
baseline,baseline-v1,blast-lite-lfp-gr-250ah-prismatic-2019-v1,blast-lite-b093495-250ah-prismatic-v1,PHYSICS_REFERENCE,NEAR_BOUNDARY,20.083333333333332,6025.0,5105.504434105565,0.7417860581851393
baseline,baseline-v1,blast-lite-lfp-gr-250ah-prismatic-2019-v1,blast-lite-b093495-250ah-prismatic-v1,PHYSICS_REFERENCE,NEAR_BOUNDARY,20.166666666666668,6050.0,5124.049085560194,0.7410940695561561
baseline,baseline-v1,blast-lite-lfp-gr-250ah-prismatic-2019-v1,blast-lite-b093495-250ah-prismatic-v1,PHYSICS_REFERENCE,NEAR_BOUNDARY,20.25,6075.0,5142.576437299098,0.7404035174681907
baseline,baseline-v1,blast-lite-lfp-gr-250ah-prismatic-2019-v1,blast-lite-b093495-250ah-prismatic-v1,PHYSICS_REFERENCE,NEAR_BOUNDARY,20.333333333333332,6100.0,5161.086525235803,0.7397143954821452
baseline,baseline-v1,blast-lite-lfp-gr-250ah-prismatic-2019-v1,blast-lite-b093495-250ah-prismatic-v1,PHYSICS_REFERENCE,NEAR_BOUNDARY,20.416666666666668,6125.0,5179.579385122856,0.7390266972105203
baseline,baseline-v1,blast-lite-lfp-gr-250ah-prismatic-2019-v1,blast-lite-b093495-250ah-prismatic-v1,PHYSICS_REFERENCE,NEAR_BOUNDARY,20.5,6150.0,5198.05505255312,0.7383404163167898
baseline,baseline-v1,blast-lite-lfp-gr-250ah-prismatic-2019-v1,blast-lite-b093495-250ah-prismatic-v1,PHYSICS_REFERENCE,NEAR_BOUNDARY,20.583333333333332,6175.0,5216.5135629610395,0.7376555465147849
baseline,baseline-v1,blast-lite-lfp-gr-250ah-prismatic-2019-v1,blast-lite-b093495-250ah-prismatic-v1,PHYSICS_REFERENCE,NEAR_BOUNDARY,20.666666666666668,6200.0,5234.954951623909,0.7369720815680889
baseline,baseline-v1,blast-lite-lfp-gr-250ah-prismatic-2019-v1,blast-lite-b093495-250ah-prismatic-v1,PHYSICS_REFERENCE,NEAR_BOUNDARY,20.75,6225.0,5253.379253663112,0.7362900152894418
baseline,baseline-v1,blast-lite-lfp-gr-250ah-prismatic-2019-v1,blast-lite-b093495-250ah-prismatic-v1,PHYSICS_REFERENCE,NEAR_BOUNDARY,20.833333333333332,6250.0,5271.786504045348,0.7356093415401539
baseline,baseline-v1,blast-lite-lfp-gr-250ah-prismatic-2019-v1,blast-lite-b093495-250ah-prismatic-v1,PHYSICS_REFERENCE,NEAR_BOUNDARY,20.916666666666668,6275.0,5290.176737583852,0.7349300542295296
baseline,baseline-v1,blast-lite-lfp-gr-250ah-prismatic-2019-v1,blast-lite-b093495-250ah-prismatic-v1,PHYSICS_REFERENCE,NEAR_BOUNDARY,21.0,6300.0,5308.54998893959,0.7342521473142997
baseline,baseline-v1,blast-lite-lfp-gr-250ah-prismatic-2019-v1,blast-lite-b093495-250ah-prismatic-v1,PHYSICS_REFERENCE,NEAR_BOUNDARY,21.083333333333332,6325.0,5326.906292622447,0.733575614798063
baseline,baseline-v1,blast-lite-lfp-gr-250ah-prismatic-2019-v1,blast-lite-b093495-250ah-prismatic-v1,PHYSICS_REFERENCE,NEAR_BOUNDARY,21.166666666666668,6350.0,5345.2456829923985,0.7329004507307377
baseline,baseline-v1,blast-lite-lfp-gr-250ah-prismatic-2019-v1,blast-lite-b093495-250ah-prismatic-v1,PHYSICS_REFERENCE,NEAR_BOUNDARY,21.25,6375.0,5363.568194260667,0.7322266492080196
baseline,baseline-v1,blast-lite-lfp-gr-250ah-prismatic-2019-v1,blast-lite-b093495-250ah-prismatic-v1,PHYSICS_REFERENCE,NEAR_BOUNDARY,21.333333333333332,6400.0,5381.873860490868,0.7315542043708503
baseline,baseline-v1,blast-lite-lfp-gr-250ah-prismatic-2019-v1,blast-lite-b093495-250ah-prismatic-v1,PHYSICS_REFERENCE,NEAR_BOUNDARY,21.416666666666668,6425.0,5400.162715600139,0.7308831104048936
baseline,baseline-v1,blast-lite-lfp-gr-250ah-prismatic-2019-v1,blast-lite-b093495-250ah-prismatic-v1,PHYSICS_REFERENCE,NEAR_BOUNDARY,21.5,6450.0,5418.434793360261,0.7302133615400191
baseline,baseline-v1,blast-lite-lfp-gr-250ah-prismatic-2019-v1,blast-lite-b093495-250ah-prismatic-v1,PHYSICS_REFERENCE,NEAR_BOUNDARY,21.583333333333332,6475.0,5436.690127398761,0.7295449520497956
baseline,baseline-v1,blast-lite-lfp-gr-250ah-prismatic-2019-v1,blast-lite-b093495-250ah-prismatic-v1,PHYSICS_REFERENCE,NEAR_BOUNDARY,21.666666666666668,6500.0,5454.928751200006,0.7288778762509898
baseline,baseline-v1,blast-lite-lfp-gr-250ah-prismatic-2019-v1,blast-lite-b093495-250ah-prismatic-v1,PHYSICS_REFERENCE,NEAR_BOUNDARY,21.75,6525.0,5473.150698106281,0.7282121285030756
baseline,baseline-v1,blast-lite-lfp-gr-250ah-prismatic-2019-v1,blast-lite-b093495-250ah-prismatic-v1,PHYSICS_REFERENCE,NEAR_BOUNDARY,21.833333333333332,6550.0,5491.356001318858,0.7275477032077485
baseline,baseline-v1,blast-lite-lfp-gr-250ah-prismatic-2019-v1,blast-lite-b093495-250ah-prismatic-v1,PHYSICS_REFERENCE,NEAR_BOUNDARY,21.916666666666668,6575.0,5509.544693899052,0.7268845948084495
baseline,baseline-v1,blast-lite-lfp-gr-250ah-prismatic-2019-v1,blast-lite-b093495-250ah-prismatic-v1,PHYSICS_REFERENCE,NEAR_BOUNDARY,22.0,6600.0,5527.716808769263,0.7262227977898943
baseline,baseline-v1,blast-lite-lfp-gr-250ah-prismatic-2019-v1,blast-lite-b093495-250ah-prismatic-v1,PHYSICS_REFERENCE,NEAR_BOUNDARY,22.083333333333332,6625.0,5545.87237871401,0.7255623066776109
baseline,baseline-v1,blast-lite-lfp-gr-250ah-prismatic-2019-v1,blast-lite-b093495-250ah-prismatic-v1,PHYSICS_REFERENCE,NEAR_BOUNDARY,22.166666666666668,6650.0,5564.01143638095,0.7249031160374846
baseline,baseline-v1,blast-lite-lfp-gr-250ah-prismatic-2019-v1,blast-lite-b093495-250ah-prismatic-v1,PHYSICS_REFERENCE,NEAR_BOUNDARY,22.25,6675.0,5582.134014281887,0.7242452204753077
baseline,baseline-v1,blast-lite-lfp-gr-250ah-prismatic-2019-v1,blast-lite-b093495-250ah-prismatic-v1,PHYSICS_REFERENCE,NEAR_BOUNDARY,22.333333333333332,6700.0,5600.24014479377,0.7235886146363387
baseline,baseline-v1,blast-lite-lfp-gr-250ah-prismatic-2019-v1,blast-lite-b093495-250ah-prismatic-v1,PHYSICS_REFERENCE,NEAR_BOUNDARY,22.416666666666668,6725.0,5618.329860159679,0.7229332932048664
baseline,baseline-v1,blast-lite-lfp-gr-250ah-prismatic-2019-v1,blast-lite-b093495-250ah-prismatic-v1,PHYSICS_REFERENCE,NEAR_BOUNDARY,22.5,6750.0,5636.403192489801,0.7222792509037803
baseline,baseline-v1,blast-lite-lfp-gr-250ah-prismatic-2019-v1,blast-lite-b093495-250ah-prismatic-v1,PHYSICS_REFERENCE,NEAR_BOUNDARY,22.583333333333332,6775.0,5654.460173762395,0.7216264824941492
baseline,baseline-v1,blast-lite-lfp-gr-250ah-prismatic-2019-v1,blast-lite-b093495-250ah-prismatic-v1,PHYSICS_REFERENCE,NEAR_BOUNDARY,22.666666666666668,6800.0,5672.500835824749,0.7209749827748035
baseline,baseline-v1,blast-lite-lfp-gr-250ah-prismatic-2019-v1,blast-lite-b093495-250ah-prismatic-v1,PHYSICS_REFERENCE,NEAR_BOUNDARY,22.75,6825.0,5690.525210394118,0.7203247465819254
baseline,baseline-v1,blast-lite-lfp-gr-250ah-prismatic-2019-v1,blast-lite-b093495-250ah-prismatic-v1,PHYSICS_REFERENCE,NEAR_BOUNDARY,22.833333333333332,6850.0,5708.533329058667,0.719675768788645
baseline,baseline-v1,blast-lite-lfp-gr-250ah-prismatic-2019-v1,blast-lite-b093495-250ah-prismatic-v1,PHYSICS_REFERENCE,NEAR_BOUNDARY,22.916666666666668,6875.0,5726.525223278383,0.7190280443046417
baseline,baseline-v1,blast-lite-lfp-gr-250ah-prismatic-2019-v1,blast-lite-b093495-250ah-prismatic-v1,PHYSICS_REFERENCE,NEAR_BOUNDARY,23.0,6900.0,5744.5009243859995,0.7183815680757513
baseline,baseline-v1,blast-lite-lfp-gr-250ah-prismatic-2019-v1,blast-lite-b093495-250ah-prismatic-v1,PHYSICS_REFERENCE,NEAR_BOUNDARY,23.083333333333332,6925.0,5762.460463587893,0.7177363350835797
baseline,baseline-v1,blast-lite-lfp-gr-250ah-prismatic-2019-v1,blast-lite-b093495-250ah-prismatic-v1,PHYSICS_REFERENCE,NEAR_BOUNDARY,23.166666666666668,6950.0,5780.4038719649825,0.7170923403451213
baseline,baseline-v1,blast-lite-lfp-gr-250ah-prismatic-2019-v1,blast-lite-b093495-250ah-prismatic-v1,PHYSICS_REFERENCE,NEAR_BOUNDARY,23.25,6975.0,5798.33118047361,0.7164495789123833
baseline,baseline-v1,blast-lite-lfp-gr-250ah-prismatic-2019-v1,blast-lite-b093495-250ah-prismatic-v1,PHYSICS_REFERENCE,NEAR_BOUNDARY,23.333333333333332,7000.0,5816.24241994642,0.7158080458720146
baseline,baseline-v1,blast-lite-lfp-gr-250ah-prismatic-2019-v1,blast-lite-b093495-250ah-prismatic-v1,PHYSICS_REFERENCE,NEAR_BOUNDARY,23.416666666666668,7025.0,5834.13762109322,0.7151677363449425
baseline,baseline-v1,blast-lite-lfp-gr-250ah-prismatic-2019-v1,blast-lite-b093495-250ah-prismatic-v1,PHYSICS_REFERENCE,NEAR_BOUNDARY,23.5,7050.0,5852.016814501844,0.7145286454860107
baseline,baseline-v1,blast-lite-lfp-gr-250ah-prismatic-2019-v1,blast-lite-b093495-250ah-prismatic-v1,PHYSICS_REFERENCE,NEAR_BOUNDARY,23.583333333333332,7075.0,5869.880030638995,0.7138907684836258
baseline,baseline-v1,blast-lite-lfp-gr-250ah-prismatic-2019-v1,blast-lite-b093495-250ah-prismatic-v1,PHYSICS_REFERENCE,NEAR_BOUNDARY,23.666666666666668,7100.0,5887.727299851085,0.7132541005594066
baseline,baseline-v1,blast-lite-lfp-gr-250ah-prismatic-2019-v1,blast-lite-b093495-250ah-prismatic-v1,PHYSICS_REFERENCE,NEAR_BOUNDARY,23.75,7125.0,5905.55865236507,0.7126186369678404
baseline,baseline-v1,blast-lite-lfp-gr-250ah-prismatic-2019-v1,blast-lite-b093495-250ah-prismatic-v1,PHYSICS_REFERENCE,NEAR_BOUNDARY,23.833333333333332,7150.0,5923.374118289266,0.7119843729959416
baseline,baseline-v1,blast-lite-lfp-gr-250ah-prismatic-2019-v1,blast-lite-b093495-250ah-prismatic-v1,PHYSICS_REFERENCE,NEAR_BOUNDARY,23.916666666666668,7175.0,5941.173727614165,0.7113513039629173
baseline,baseline-v1,blast-lite-lfp-gr-250ah-prismatic-2019-v1,blast-lite-b093495-250ah-prismatic-v1,PHYSICS_REFERENCE,NEAR_BOUNDARY,24.0,7200.0,5958.957510213238,0.7107194252198363
baseline,baseline-v1,blast-lite-lfp-gr-250ah-prismatic-2019-v1,blast-lite-b093495-250ah-prismatic-v1,PHYSICS_REFERENCE,NEAR_BOUNDARY,24.083333333333332,7225.0,5976.725495843733,0.7100887321493028
baseline,baseline-v1,blast-lite-lfp-gr-250ah-prismatic-2019-v1,blast-lite-b093495-250ah-prismatic-v1,PHYSICS_REFERENCE,NEAR_BOUNDARY,24.166666666666668,7250.0,5994.477714147466,0.7094592201651359
baseline,baseline-v1,blast-lite-lfp-gr-250ah-prismatic-2019-v1,blast-lite-b093495-250ah-prismatic-v1,PHYSICS_REFERENCE,NEAR_BOUNDARY,24.25,7275.0,6012.214194651595,0.7088308847120508
baseline,baseline-v1,blast-lite-lfp-gr-250ah-prismatic-2019-v1,blast-lite-b093495-250ah-prismatic-v1,PHYSICS_REFERENCE,NEAR_BOUNDARY,24.333333333333332,7300.0,6029.934966769396,0.7082037212653475
baseline,baseline-v1,blast-lite-lfp-gr-250ah-prismatic-2019-v1,blast-lite-b093495-250ah-prismatic-v1,PHYSICS_REFERENCE,NEAR_BOUNDARY,24.416666666666668,7325.0,6047.64005980103,0.7075777253306017
baseline,baseline-v1,blast-lite-lfp-gr-250ah-prismatic-2019-v1,blast-lite-b093495-250ah-prismatic-v1,PHYSICS_REFERENCE,NEAR_BOUNDARY,24.5,7350.0,6065.329502934294,0.7069528924433606
baseline,baseline-v1,blast-lite-lfp-gr-250ah-prismatic-2019-v1,blast-lite-b093495-250ah-prismatic-v1,PHYSICS_REFERENCE,NEAR_BOUNDARY,24.583333333333332,7375.0,6083.003325245379,0.7063292181688421
baseline,baseline-v1,blast-lite-lfp-gr-250ah-prismatic-2019-v1,blast-lite-b093495-250ah-prismatic-v1,PHYSICS_REFERENCE,NEAR_BOUNDARY,24.666666666666668,7400.0,6100.661555699599,0.7057066981016401
baseline,baseline-v1,blast-lite-lfp-gr-250ah-prismatic-2019-v1,blast-lite-b093495-250ah-prismatic-v1,PHYSICS_REFERENCE,NEAR_BOUNDARY,24.75,7425.0,6118.30422315214,0.7050853278654309
baseline,baseline-v1,blast-lite-lfp-gr-250ah-prismatic-2019-v1,blast-lite-b093495-250ah-prismatic-v1,PHYSICS_REFERENCE,NEAR_BOUNDARY,24.833333333333332,7450.0,6135.931356348776,0.7044651031126856
baseline,baseline-v1,blast-lite-lfp-gr-250ah-prismatic-2019-v1,blast-lite-b093495-250ah-prismatic-v1,PHYSICS_REFERENCE,NEAR_BOUNDARY,24.916666666666668,7475.0,6153.542983926593,0.7038460195243861
baseline,baseline-v1,blast-lite-lfp-gr-250ah-prismatic-2019-v1,blast-lite-b093495-250ah-prismatic-v1,PHYSICS_REFERENCE,NEAR_BOUNDARY,25.0,7500.0,6171.139134414702,0.703228072809744
