scenario_id,route_id,natural_year,scheduled_efc,soh,observed_time_boundary_year,region
naumann_3ah_boundary_reference,blast-lite-lfp-gr-sony-murata-3ah-2018-v1,0.0,0.0,1.0,2.42311202372804,OBSERVED_SOURCE_TIME_SPAN
naumann_3ah_boundary_reference,blast-lite-lfp-gr-sony-murata-3ah-2018-v1,0.08333333333333333,25.0,0.9888236232394503,2.42311202372804,OBSERVED_SOURCE_TIME_SPAN
naumann_3ah_boundary_reference,blast-lite-lfp-gr-sony-murata-3ah-2018-v1,0.16666666666666666,50.0,0.9863230472846333,2.42311202372804,OBSERVED_SOURCE_TIME_SPAN
naumann_3ah_boundary_reference,blast-lite-lfp-gr-sony-murata-3ah-2018-v1,0.25,75.0,0.9841514600460568,2.42311202372804,OBSERVED_SOURCE_TIME_SPAN
naumann_3ah_boundary_reference,blast-lite-lfp-gr-sony-murata-3ah-2018-v1,0.3333333333333333,100.0,0.982173944157974,2.42311202372804,OBSERVED_SOURCE_TIME_SPAN
naumann_3ah_boundary_reference,blast-lite-lfp-gr-sony-murata-3ah-2018-v1,0.4166666666666667,125.0,0.9803285038480584,2.42311202372804,OBSERVED_SOURCE_TIME_SPAN
naumann_3ah_boundary_reference,blast-lite-lfp-gr-sony-murata-3ah-2018-v1,0.5,150.0,0.9785800515662908,2.42311202372804,OBSERVED_SOURCE_TIME_SPAN
naumann_3ah_boundary_reference,blast-lite-lfp-gr-sony-murata-3ah-2018-v1,0.5833333333333334,175.0,0.9769065947102642,2.42311202372804,OBSERVED_SOURCE_TIME_SPAN
naumann_3ah_boundary_reference,blast-lite-lfp-gr-sony-murata-3ah-2018-v1,0.6666666666666666,200.0,0.9752934589634068,2.42311202372804,OBSERVED_SOURCE_TIME_SPAN
naumann_3ah_boundary_reference,blast-lite-lfp-gr-sony-murata-3ah-2018-v1,0.75,225.0,0.9737304563070922,2.42311202372804,OBSERVED_SOURCE_TIME_SPAN
naumann_3ah_boundary_reference,blast-lite-lfp-gr-sony-murata-3ah-2018-v1,0.8333333333333334,250.0,0.972210342097812,2.42311202372804,OBSERVED_SOURCE_TIME_SPAN
naumann_3ah_boundary_reference,blast-lite-lfp-gr-sony-murata-3ah-2018-v1,0.9166666666666666,275.0,0.9707279037327438,2.42311202372804,OBSERVED_SOURCE_TIME_SPAN
naumann_3ah_boundary_reference,blast-lite-lfp-gr-sony-murata-3ah-2018-v1,1.0,300.0,0.9692793846318889,2.42311202372804,OBSERVED_SOURCE_TIME_SPAN
naumann_3ah_boundary_reference,blast-lite-lfp-gr-sony-murata-3ah-2018-v1,1.0833333333333333,325.0,0.9678620973183363,2.42311202372804,OBSERVED_SOURCE_TIME_SPAN
naumann_3ah_boundary_reference,blast-lite-lfp-gr-sony-murata-3ah-2018-v1,1.1666666666666667,350.0,0.9664741484286863,2.42311202372804,OBSERVED_SOURCE_TIME_SPAN
naumann_3ah_boundary_reference,blast-lite-lfp-gr-sony-murata-3ah-2018-v1,1.25,375.0,0.9651142329662217,2.42311202372804,OBSERVED_SOURCE_TIME_SPAN
naumann_3ah_boundary_reference,blast-lite-lfp-gr-sony-murata-3ah-2018-v1,1.3333333333333333,400.0,0.963781473523224,2.42311202372804,OBSERVED_SOURCE_TIME_SPAN
naumann_3ah_boundary_reference,blast-lite-lfp-gr-sony-murata-3ah-2018-v1,1.4166666666666667,425.0,0.9624752905692479,2.42311202372804,OBSERVED_SOURCE_TIME_SPAN
naumann_3ah_boundary_reference,blast-lite-lfp-gr-sony-murata-3ah-2018-v1,1.5,450.0,0.9611952959498808,2.42311202372804,OBSERVED_SOURCE_TIME_SPAN
naumann_3ah_boundary_reference,blast-lite-lfp-gr-sony-murata-3ah-2018-v1,1.5833333333333333,475.0,0.959941205294264,2.42311202372804,OBSERVED_SOURCE_TIME_SPAN
naumann_3ah_boundary_reference,blast-lite-lfp-gr-sony-murata-3ah-2018-v1,1.6666666666666667,500.0,0.9587127670453504,2.42311202372804,OBSERVED_SOURCE_TIME_SPAN
naumann_3ah_boundary_reference,blast-lite-lfp-gr-sony-murata-3ah-2018-v1,1.75,525.0,0.9575097068466547,2.42311202372804,OBSERVED_SOURCE_TIME_SPAN
naumann_3ah_boundary_reference,blast-lite-lfp-gr-sony-murata-3ah-2018-v1,1.8333333333333333,550.0,0.9563316863862438,2.42311202372804,OBSERVED_SOURCE_TIME_SPAN
naumann_3ah_boundary_reference,blast-lite-lfp-gr-sony-murata-3ah-2018-v1,1.9166666666666667,575.0,0.9551782757572447,2.42311202372804,OBSERVED_SOURCE_TIME_SPAN
naumann_3ah_boundary_reference,blast-lite-lfp-gr-sony-murata-3ah-2018-v1,2.0,600.0,0.9540489381328906,2.42311202372804,OBSERVED_SOURCE_TIME_SPAN
naumann_3ah_boundary_reference,blast-lite-lfp-gr-sony-murata-3ah-2018-v1,2.0833333333333335,625.0,0.9529430252209949,2.42311202372804,OBSERVED_SOURCE_TIME_SPAN
naumann_3ah_boundary_reference,blast-lite-lfp-gr-sony-murata-3ah-2018-v1,2.1666666666666665,650.0,0.9518597816674141,2.42311202372804,OBSERVED_SOURCE_TIME_SPAN
naumann_3ah_boundary_reference,blast-lite-lfp-gr-sony-murata-3ah-2018-v1,2.25,675.0,0.950798356391344,2.42311202372804,OBSERVED_SOURCE_TIME_SPAN
naumann_3ah_boundary_reference,blast-lite-lfp-gr-sony-murata-3ah-2018-v1,2.3333333333333335,700.0,0.9497578187905054,2.42311202372804,OBSERVED_SOURCE_TIME_SPAN
naumann_3ah_boundary_reference,blast-lite-lfp-gr-sony-murata-3ah-2018-v1,2.4166666666666665,725.0,0.9487371778522854,2.42311202372804,OBSERVED_SOURCE_TIME_SPAN
naumann_3ah_boundary_reference,blast-lite-lfp-gr-sony-murata-3ah-2018-v1,2.5,750.0,0.9477354024245355,2.42311202372804,LONG_HORIZON_SCENARIO_EXTRAPOLATION
naumann_3ah_boundary_reference,blast-lite-lfp-gr-sony-murata-3ah-2018-v1,2.5833333333333335,775.0,0.946751441199783,2.42311202372804,LONG_HORIZON_SCENARIO_EXTRAPOLATION
naumann_3ah_boundary_reference,blast-lite-lfp-gr-sony-murata-3ah-2018-v1,2.6666666666666665,800.0,0.9457842413074716,2.42311202372804,LONG_HORIZON_SCENARIO_EXTRAPOLATION
naumann_3ah_boundary_reference,blast-lite-lfp-gr-sony-murata-3ah-2018-v1,2.75,825.0,0.944832764752156,2.42311202372804,LONG_HORIZON_SCENARIO_EXTRAPOLATION
naumann_3ah_boundary_reference,blast-lite-lfp-gr-sony-murata-3ah-2018-v1,2.8333333333333335,850.0,0.943896002251197,2.42311202372804,LONG_HORIZON_SCENARIO_EXTRAPOLATION
naumann_3ah_boundary_reference,blast-lite-lfp-gr-sony-murata-3ah-2018-v1,2.9166666666666665,875.0,0.9429729842935034,2.42311202372804,LONG_HORIZON_SCENARIO_EXTRAPOLATION
naumann_3ah_boundary_reference,blast-lite-lfp-gr-sony-murata-3ah-2018-v1,3.0,900.0,0.9420627894515105,2.42311202372804,LONG_HORIZON_SCENARIO_EXTRAPOLATION
naumann_3ah_boundary_reference,blast-lite-lfp-gr-sony-murata-3ah-2018-v1,3.0833333333333335,925.0,0.9411645501304376,2.42311202372804,LONG_HORIZON_SCENARIO_EXTRAPOLATION
naumann_3ah_boundary_reference,blast-lite-lfp-gr-sony-murata-3ah-2018-v1,3.1666666666666665,950.0,0.9402774560366725,2.42311202372804,LONG_HORIZON_SCENARIO_EXTRAPOLATION
naumann_3ah_boundary_reference,blast-lite-lfp-gr-sony-murata-3ah-2018-v1,3.25,975.0,0.9394007556991361,2.42311202372804,LONG_HORIZON_SCENARIO_EXTRAPOLATION
naumann_3ah_boundary_reference,blast-lite-lfp-gr-sony-murata-3ah-2018-v1,3.3333333333333335,1000.0,0.9385337563935885,2.42311202372804,LONG_HORIZON_SCENARIO_EXTRAPOLATION
naumann_3ah_boundary_reference,blast-lite-lfp-gr-sony-murata-3ah-2018-v1,3.4166666666666665,1025.0,0.9376758228098265,2.42311202372804,LONG_HORIZON_SCENARIO_EXTRAPOLATION
naumann_3ah_boundary_reference,blast-lite-lfp-gr-sony-murata-3ah-2018-v1,3.5,1050.0,0.9368263747744716,2.42311202372804,LONG_HORIZON_SCENARIO_EXTRAPOLATION
naumann_3ah_boundary_reference,blast-lite-lfp-gr-sony-murata-3ah-2018-v1,3.5833333333333335,1075.0,0.9359848843048227,2.42311202372804,LONG_HORIZON_SCENARIO_EXTRAPOLATION
naumann_3ah_boundary_reference,blast-lite-lfp-gr-sony-murata-3ah-2018-v1,3.6666666666666665,1100.0,0.935150872227698,2.42311202372804,LONG_HORIZON_SCENARIO_EXTRAPOLATION
naumann_3ah_boundary_reference,blast-lite-lfp-gr-sony-murata-3ah-2018-v1,3.75,1125.0,0.9343239045553762,2.42311202372804,LONG_HORIZON_SCENARIO_EXTRAPOLATION
naumann_3ah_boundary_reference,blast-lite-lfp-gr-sony-murata-3ah-2018-v1,3.8333333333333335,1150.0,0.9335035887713191,2.42311202372804,LONG_HORIZON_SCENARIO_EXTRAPOLATION
naumann_3ah_boundary_reference,blast-lite-lfp-gr-sony-murata-3ah-2018-v1,3.9166666666666665,1175.0,0.9326895701429331,2.42311202372804,LONG_HORIZON_SCENARIO_EXTRAPOLATION
naumann_3ah_boundary_reference,blast-lite-lfp-gr-sony-murata-3ah-2018-v1,4.0,1200.0,0.9318815281479453,2.42311202372804,LONG_HORIZON_SCENARIO_EXTRAPOLATION
naumann_3ah_boundary_reference,blast-lite-lfp-gr-sony-murata-3ah-2018-v1,4.083333333333333,1225.0,0.9310791730752362,2.42311202372804,LONG_HORIZON_SCENARIO_EXTRAPOLATION
naumann_3ah_boundary_reference,blast-lite-lfp-gr-sony-murata-3ah-2018-v1,4.166666666666667,1250.0,0.9302822428399641,2.42311202372804,LONG_HORIZON_SCENARIO_EXTRAPOLATION
naumann_3ah_boundary_reference,blast-lite-lfp-gr-sony-murata-3ah-2018-v1,4.25,1275.0,0.9294905000361371,2.42311202372804,LONG_HORIZON_SCENARIO_EXTRAPOLATION
naumann_3ah_boundary_reference,blast-lite-lfp-gr-sony-murata-3ah-2018-v1,4.333333333333333,1300.0,0.9287037292368991,2.42311202372804,LONG_HORIZON_SCENARIO_EXTRAPOLATION
naumann_3ah_boundary_reference,blast-lite-lfp-gr-sony-murata-3ah-2018-v1,4.416666666666667,1325.0,0.9279217345431057,2.42311202372804,LONG_HORIZON_SCENARIO_EXTRAPOLATION
naumann_3ah_boundary_reference,blast-lite-lfp-gr-sony-murata-3ah-2018-v1,4.5,1350.0,0.9271443373737575,2.42311202372804,LONG_HORIZON_SCENARIO_EXTRAPOLATION
naumann_3ah_boundary_reference,blast-lite-lfp-gr-sony-murata-3ah-2018-v1,4.583333333333333,1375.0,0.9263713744869986,2.42311202372804,LONG_HORIZON_SCENARIO_EXTRAPOLATION
naumann_3ah_boundary_reference,blast-lite-lfp-gr-sony-murata-3ah-2018-v1,4.666666666666667,1400.0,0.9256026962172242,2.42311202372804,LONG_HORIZON_SCENARIO_EXTRAPOLATION
naumann_3ah_boundary_reference,blast-lite-lfp-gr-sony-murata-3ah-2018-v1,4.75,1425.0,0.9248381649120142,2.42311202372804,LONG_HORIZON_SCENARIO_EXTRAPOLATION
naumann_3ah_boundary_reference,blast-lite-lfp-gr-sony-murata-3ah-2018-v1,4.833333333333333,1450.0,0.9240776535517727,2.42311202372804,LONG_HORIZON_SCENARIO_EXTRAPOLATION
naumann_3ah_boundary_reference,blast-lite-lfp-gr-sony-murata-3ah-2018-v1,4.916666666666667,1475.0,0.9233210445348551,2.42311202372804,LONG_HORIZON_SCENARIO_EXTRAPOLATION
naumann_3ah_boundary_reference,blast-lite-lfp-gr-sony-murata-3ah-2018-v1,5.0,1500.0,0.9225682286113938,2.42311202372804,LONG_HORIZON_SCENARIO_EXTRAPOLATION
naumann_3ah_boundary_reference,blast-lite-lfp-gr-sony-murata-3ah-2018-v1,5.083333333333333,1525.0,0.921819103949822,2.42311202372804,LONG_HORIZON_SCENARIO_EXTRAPOLATION
naumann_3ah_boundary_reference,blast-lite-lfp-gr-sony-murata-3ah-2018-v1,5.166666666666667,1550.0,0.9210735753211139,2.42311202372804,LONG_HORIZON_SCENARIO_EXTRAPOLATION
naumann_3ah_boundary_reference,blast-lite-lfp-gr-sony-murata-3ah-2018-v1,5.25,1575.0,0.9203315533869083,2.42311202372804,LONG_HORIZON_SCENARIO_EXTRAPOLATION
naumann_3ah_boundary_reference,blast-lite-lfp-gr-sony-murata-3ah-2018-v1,5.333333333333333,1600.0,0.9195929540788947,2.42311202372804,LONG_HORIZON_SCENARIO_EXTRAPOLATION
naumann_3ah_boundary_reference,blast-lite-lfp-gr-sony-murata-3ah-2018-v1,5.416666666666667,1625.0,0.9188576980580552,2.42311202372804,LONG_HORIZON_SCENARIO_EXTRAPOLATION
naumann_3ah_boundary_reference,blast-lite-lfp-gr-sony-murata-3ah-2018-v1,5.5,1650.0,0.9181257102435384,2.42311202372804,LONG_HORIZON_SCENARIO_EXTRAPOLATION
naumann_3ah_boundary_reference,blast-lite-lfp-gr-sony-murata-3ah-2018-v1,5.583333333333333,1675.0,0.917396919402066,2.42311202372804,LONG_HORIZON_SCENARIO_EXTRAPOLATION
naumann_3ah_boundary_reference,blast-lite-lfp-gr-sony-murata-3ah-2018-v1,5.666666666666667,1700.0,0.9166712577898273,2.42311202372804,LONG_HORIZON_SCENARIO_EXTRAPOLATION
naumann_3ah_boundary_reference,blast-lite-lfp-gr-sony-murata-3ah-2018-v1,5.75,1725.0,0.915948660839783,2.42311202372804,LONG_HORIZON_SCENARIO_EXTRAPOLATION
naumann_3ah_boundary_reference,blast-lite-lfp-gr-sony-murata-3ah-2018-v1,5.833333333333333,1750.0,0.9152290668881836,2.42311202372804,LONG_HORIZON_SCENARIO_EXTRAPOLATION
naumann_3ah_boundary_reference,blast-lite-lfp-gr-sony-murata-3ah-2018-v1,5.916666666666667,1775.0,0.9145124169349053,2.42311202372804,LONG_HORIZON_SCENARIO_EXTRAPOLATION
naumann_3ah_boundary_reference,blast-lite-lfp-gr-sony-murata-3ah-2018-v1,6.0,1800.0,0.9137986544329144,2.42311202372804,LONG_HORIZON_SCENARIO_EXTRAPOLATION
naumann_3ah_boundary_reference,blast-lite-lfp-gr-sony-murata-3ah-2018-v1,6.083333333333333,1825.0,0.9130877251028063,2.42311202372804,LONG_HORIZON_SCENARIO_EXTRAPOLATION
naumann_3ah_boundary_reference,blast-lite-lfp-gr-sony-murata-3ah-2018-v1,6.166666666666667,1850.0,0.9123795767689236,2.42311202372804,LONG_HORIZON_SCENARIO_EXTRAPOLATION
naumann_3ah_boundary_reference,blast-lite-lfp-gr-sony-murata-3ah-2018-v1,6.25,1875.0,0.9116741592140409,2.42311202372804,LONG_HORIZON_SCENARIO_EXTRAPOLATION
naumann_3ah_boundary_reference,blast-lite-lfp-gr-sony-murata-3ah-2018-v1,6.333333333333333,1900.0,0.9109714240500391,2.42311202372804,LONG_HORIZON_SCENARIO_EXTRAPOLATION
naumann_3ah_boundary_reference,blast-lite-lfp-gr-sony-murata-3ah-2018-v1,6.416666666666667,1925.0,0.9102713246023577,2.42311202372804,LONG_HORIZON_SCENARIO_EXTRAPOLATION
naumann_3ah_boundary_reference,blast-lite-lfp-gr-sony-murata-3ah-2018-v1,6.5,1950.0,0.909573815806334,2.42311202372804,LONG_HORIZON_SCENARIO_EXTRAPOLATION
naumann_3ah_boundary_reference,blast-lite-lfp-gr-sony-murata-3ah-2018-v1,6.583333333333333,1975.0,0.9088788541138179,2.42311202372804,LONG_HORIZON_SCENARIO_EXTRAPOLATION
naumann_3ah_boundary_reference,blast-lite-lfp-gr-sony-murata-3ah-2018-v1,6.666666666666667,2000.0,0.9081863974086862,2.42311202372804,LONG_HORIZON_SCENARIO_EXTRAPOLATION
naumann_3ah_boundary_reference,blast-lite-lfp-gr-sony-murata-3ah-2018-v1,6.75,2025.0,0.9074964049300861,2.42311202372804,LONG_HORIZON_SCENARIO_EXTRAPOLATION
naumann_3ah_boundary_reference,blast-lite-lfp-gr-sony-murata-3ah-2018-v1,6.833333333333333,2050.0,0.906808837202407,2.42311202372804,LONG_HORIZON_SCENARIO_EXTRAPOLATION
naumann_3ah_boundary_reference,blast-lite-lfp-gr-sony-murata-3ah-2018-v1,6.916666666666667,2075.0,0.9061236559711339,2.42311202372804,LONG_HORIZON_SCENARIO_EXTRAPOLATION
naumann_3ah_boundary_reference,blast-lite-lfp-gr-sony-murata-3ah-2018-v1,7.0,2100.0,0.9054408241438571,2.42311202372804,LONG_HORIZON_SCENARIO_EXTRAPOLATION
naumann_3ah_boundary_reference,blast-lite-lfp-gr-sony-murata-3ah-2018-v1,7.083333333333333,2125.0,0.9047603057358188,2.42311202372804,LONG_HORIZON_SCENARIO_EXTRAPOLATION
naumann_3ah_boundary_reference,blast-lite-lfp-gr-sony-murata-3ah-2018-v1,7.166666666666667,2150.0,0.9040820658194744,2.42311202372804,LONG_HORIZON_SCENARIO_EXTRAPOLATION
naumann_3ah_boundary_reference,blast-lite-lfp-gr-sony-murata-3ah-2018-v1,7.25,2175.0,0.9034060704776138,2.42311202372804,LONG_HORIZON_SCENARIO_EXTRAPOLATION
naumann_3ah_boundary_reference,blast-lite-lfp-gr-sony-murata-3ah-2018-v1,7.333333333333333,2200.0,0.9027322867596601,2.42311202372804,LONG_HORIZON_SCENARIO_EXTRAPOLATION
naumann_3ah_boundary_reference,blast-lite-lfp-gr-sony-murata-3ah-2018-v1,7.416666666666667,2225.0,0.9020606826408122,2.42311202372804,LONG_HORIZON_SCENARIO_EXTRAPOLATION
naumann_3ah_boundary_reference,blast-lite-lfp-gr-sony-murata-3ah-2018-v1,7.5,2250.0,0.901391226983749,2.42311202372804,LONG_HORIZON_SCENARIO_EXTRAPOLATION
naumann_3ah_boundary_reference,blast-lite-lfp-gr-sony-murata-3ah-2018-v1,7.583333333333333,2275.0,0.9007238895026459,2.42311202372804,LONG_HORIZON_SCENARIO_EXTRAPOLATION
naumann_3ah_boundary_reference,blast-lite-lfp-gr-sony-murata-3ah-2018-v1,7.666666666666667,2300.0,0.9000586407292949,2.42311202372804,LONG_HORIZON_SCENARIO_EXTRAPOLATION
naumann_3ah_boundary_reference,blast-lite-lfp-gr-sony-murata-3ah-2018-v1,7.75,2325.0,0.899395451981136,2.42311202372804,LONG_HORIZON_SCENARIO_EXTRAPOLATION
naumann_3ah_boundary_reference,blast-lite-lfp-gr-sony-murata-3ah-2018-v1,7.833333333333333,2350.0,0.8987342953310455,2.42311202372804,LONG_HORIZON_SCENARIO_EXTRAPOLATION
naumann_3ah_boundary_reference,blast-lite-lfp-gr-sony-murata-3ah-2018-v1,7.916666666666667,2375.0,0.898075143578733,2.42311202372804,LONG_HORIZON_SCENARIO_EXTRAPOLATION
naumann_3ah_boundary_reference,blast-lite-lfp-gr-sony-murata-3ah-2018-v1,8.0,2400.0,0.897417970223624,2.42311202372804,LONG_HORIZON_SCENARIO_EXTRAPOLATION
naumann_3ah_boundary_reference,blast-lite-lfp-gr-sony-murata-3ah-2018-v1,8.083333333333334,2425.0,0.896762749439118,2.42311202372804,LONG_HORIZON_SCENARIO_EXTRAPOLATION
naumann_3ah_boundary_reference,blast-lite-lfp-gr-sony-murata-3ah-2018-v1,8.166666666666666,2450.0,0.896109456048121,2.42311202372804,LONG_HORIZON_SCENARIO_EXTRAPOLATION
naumann_3ah_boundary_reference,blast-lite-lfp-gr-sony-murata-3ah-2018-v1,8.25,2475.0,0.8954580654997651,2.42311202372804,LONG_HORIZON_SCENARIO_EXTRAPOLATION
naumann_3ah_boundary_reference,blast-lite-lfp-gr-sony-murata-3ah-2018-v1,8.333333333333334,2500.0,0.8948085538472373,2.42311202372804,LONG_HORIZON_SCENARIO_EXTRAPOLATION
naumann_3ah_boundary_reference,blast-lite-lfp-gr-sony-murata-3ah-2018-v1,8.416666666666666,2525.0,0.8941608977266421,2.42311202372804,LONG_HORIZON_SCENARIO_EXTRAPOLATION
naumann_3ah_boundary_reference,blast-lite-lfp-gr-sony-murata-3ah-2018-v1,8.5,2550.0,0.8935150743368364,2.42311202372804,LONG_HORIZON_SCENARIO_EXTRAPOLATION
naumann_3ah_boundary_reference,blast-lite-lfp-gr-sony-murata-3ah-2018-v1,8.583333333333334,2575.0,0.8928710614201764,2.42311202372804,LONG_HORIZON_SCENARIO_EXTRAPOLATION
naumann_3ah_boundary_reference,blast-lite-lfp-gr-sony-murata-3ah-2018-v1,8.666666666666666,2600.0,0.8922288372441214,2.42311202372804,LONG_HORIZON_SCENARIO_EXTRAPOLATION
naumann_3ah_boundary_reference,blast-lite-lfp-gr-sony-murata-3ah-2018-v1,8.75,2625.0,0.8915883805836466,2.42311202372804,LONG_HORIZON_SCENARIO_EXTRAPOLATION
naumann_3ah_boundary_reference,blast-lite-lfp-gr-sony-murata-3ah-2018-v1,8.833333333333334,2650.0,0.8909496707044174,2.42311202372804,LONG_HORIZON_SCENARIO_EXTRAPOLATION
naumann_3ah_boundary_reference,blast-lite-lfp-gr-sony-murata-3ah-2018-v1,8.916666666666666,2675.0,0.8903126873466852,2.42311202372804,LONG_HORIZON_SCENARIO_EXTRAPOLATION
naumann_3ah_boundary_reference,blast-lite-lfp-gr-sony-murata-3ah-2018-v1,9.0,2700.0,0.8896774107098633,2.42311202372804,LONG_HORIZON_SCENARIO_EXTRAPOLATION
naumann_3ah_boundary_reference,blast-lite-lfp-gr-sony-murata-3ah-2018-v1,9.083333333333334,2725.0,0.8890438214377485,2.42311202372804,LONG_HORIZON_SCENARIO_EXTRAPOLATION
naumann_3ah_boundary_reference,blast-lite-lfp-gr-sony-murata-3ah-2018-v1,9.166666666666666,2750.0,0.888411900604354,2.42311202372804,LONG_HORIZON_SCENARIO_EXTRAPOLATION
naumann_3ah_boundary_reference,blast-lite-lfp-gr-sony-murata-3ah-2018-v1,9.25,2775.0,0.8877816297003217,2.42311202372804,LONG_HORIZON_SCENARIO_EXTRAPOLATION
naumann_3ah_boundary_reference,blast-lite-lfp-gr-sony-murata-3ah-2018-v1,9.333333333333334,2800.0,0.8871529906198845,2.42311202372804,LONG_HORIZON_SCENARIO_EXTRAPOLATION
naumann_3ah_boundary_reference,blast-lite-lfp-gr-sony-murata-3ah-2018-v1,9.416666666666666,2825.0,0.8865259656483533,2.42311202372804,LONG_HORIZON_SCENARIO_EXTRAPOLATION
naumann_3ah_boundary_reference,blast-lite-lfp-gr-sony-murata-3ah-2018-v1,9.5,2850.0,0.8859005374500979,2.42311202372804,LONG_HORIZON_SCENARIO_EXTRAPOLATION
naumann_3ah_boundary_reference,blast-lite-lfp-gr-sony-murata-3ah-2018-v1,9.583333333333334,2875.0,0.885276689057004,2.42311202372804,LONG_HORIZON_SCENARIO_EXTRAPOLATION
naumann_3ah_boundary_reference,blast-lite-lfp-gr-sony-murata-3ah-2018-v1,9.666666666666666,2900.0,0.8846544038573775,2.42311202372804,LONG_HORIZON_SCENARIO_EXTRAPOLATION
naumann_3ah_boundary_reference,blast-lite-lfp-gr-sony-murata-3ah-2018-v1,9.75,2925.0,0.8840336655852791,2.42311202372804,LONG_HORIZON_SCENARIO_EXTRAPOLATION
naumann_3ah_boundary_reference,blast-lite-lfp-gr-sony-murata-3ah-2018-v1,9.833333333333334,2950.0,0.883414458310266,2.42311202372804,LONG_HORIZON_SCENARIO_EXTRAPOLATION
naumann_3ah_boundary_reference,blast-lite-lfp-gr-sony-murata-3ah-2018-v1,9.916666666666666,2975.0,0.882796766427524,2.42311202372804,LONG_HORIZON_SCENARIO_EXTRAPOLATION
naumann_3ah_boundary_reference,blast-lite-lfp-gr-sony-murata-3ah-2018-v1,10.0,3000.0,0.8821805746483694,2.42311202372804,LONG_HORIZON_SCENARIO_EXTRAPOLATION
naumann_3ah_boundary_reference,blast-lite-lfp-gr-sony-murata-3ah-2018-v1,10.083333333333334,3025.0,0.8815658679911067,2.42311202372804,LONG_HORIZON_SCENARIO_EXTRAPOLATION
naumann_3ah_boundary_reference,blast-lite-lfp-gr-sony-murata-3ah-2018-v1,10.166666666666666,3050.0,0.8809526317722233,2.42311202372804,LONG_HORIZON_SCENARIO_EXTRAPOLATION
naumann_3ah_boundary_reference,blast-lite-lfp-gr-sony-murata-3ah-2018-v1,10.25,3075.0,0.8803408515979078,2.42311202372804,LONG_HORIZON_SCENARIO_EXTRAPOLATION
naumann_3ah_boundary_reference,blast-lite-lfp-gr-sony-murata-3ah-2018-v1,10.333333333333334,3100.0,0.8797305133558764,2.42311202372804,LONG_HORIZON_SCENARIO_EXTRAPOLATION
naumann_3ah_boundary_reference,blast-lite-lfp-gr-sony-murata-3ah-2018-v1,10.416666666666666,3125.0,0.8791216032074952,2.42311202372804,LONG_HORIZON_SCENARIO_EXTRAPOLATION
naumann_3ah_boundary_reference,blast-lite-lfp-gr-sony-murata-3ah-2018-v1,10.5,3150.0,0.878514107580183,2.42311202372804,LONG_HORIZON_SCENARIO_EXTRAPOLATION
naumann_3ah_boundary_reference,blast-lite-lfp-gr-sony-murata-3ah-2018-v1,10.583333333333334,3175.0,0.8779080131600849,2.42311202372804,LONG_HORIZON_SCENARIO_EXTRAPOLATION
naumann_3ah_boundary_reference,blast-lite-lfp-gr-sony-murata-3ah-2018-v1,10.666666666666666,3200.0,0.8773033068850046,2.42311202372804,LONG_HORIZON_SCENARIO_EXTRAPOLATION
naumann_3ah_boundary_reference,blast-lite-lfp-gr-sony-murata-3ah-2018-v1,10.75,3225.0,0.8766999759375814,2.42311202372804,LONG_HORIZON_SCENARIO_EXTRAPOLATION
naumann_3ah_boundary_reference,blast-lite-lfp-gr-sony-murata-3ah-2018-v1,10.833333333333334,3250.0,0.8760980077387078,2.42311202372804,LONG_HORIZON_SCENARIO_EXTRAPOLATION
naumann_3ah_boundary_reference,blast-lite-lfp-gr-sony-murata-3ah-2018-v1,10.916666666666666,3275.0,0.8754973899411683,2.42311202372804,LONG_HORIZON_SCENARIO_EXTRAPOLATION
naumann_3ah_boundary_reference,blast-lite-lfp-gr-sony-murata-3ah-2018-v1,11.0,3300.0,0.8748981104235017,2.42311202372804,LONG_HORIZON_SCENARIO_EXTRAPOLATION
naumann_3ah_boundary_reference,blast-lite-lfp-gr-sony-murata-3ah-2018-v1,11.083333333333334,3325.0,0.8743001572840661,2.42311202372804,LONG_HORIZON_SCENARIO_EXTRAPOLATION
naumann_3ah_boundary_reference,blast-lite-lfp-gr-sony-murata-3ah-2018-v1,11.166666666666666,3350.0,0.8737035188353063,2.42311202372804,LONG_HORIZON_SCENARIO_EXTRAPOLATION
naumann_3ah_boundary_reference,blast-lite-lfp-gr-sony-murata-3ah-2018-v1,11.25,3375.0,0.8731081835982132,2.42311202372804,LONG_HORIZON_SCENARIO_EXTRAPOLATION
naumann_3ah_boundary_reference,blast-lite-lfp-gr-sony-murata-3ah-2018-v1,11.333333333333334,3400.0,0.8725141402969645,2.42311202372804,LONG_HORIZON_SCENARIO_EXTRAPOLATION
naumann_3ah_boundary_reference,blast-lite-lfp-gr-sony-murata-3ah-2018-v1,11.416666666666666,3425.0,0.8719213778537437,2.42311202372804,LONG_HORIZON_SCENARIO_EXTRAPOLATION
naumann_3ah_boundary_reference,blast-lite-lfp-gr-sony-murata-3ah-2018-v1,11.5,3450.0,0.8713298853837279,2.42311202372804,LONG_HORIZON_SCENARIO_EXTRAPOLATION
naumann_3ah_boundary_reference,blast-lite-lfp-gr-sony-murata-3ah-2018-v1,11.583333333333334,3475.0,0.8707396521902379,2.42311202372804,LONG_HORIZON_SCENARIO_EXTRAPOLATION
naumann_3ah_boundary_reference,blast-lite-lfp-gr-sony-murata-3ah-2018-v1,11.666666666666666,3500.0,0.8701506677600448,2.42311202372804,LONG_HORIZON_SCENARIO_EXTRAPOLATION
naumann_3ah_boundary_reference,blast-lite-lfp-gr-sony-murata-3ah-2018-v1,11.75,3525.0,0.8695629217588261,2.42311202372804,LONG_HORIZON_SCENARIO_EXTRAPOLATION
naumann_3ah_boundary_reference,blast-lite-lfp-gr-sony-murata-3ah-2018-v1,11.833333333333334,3550.0,0.8689764040267671,2.42311202372804,LONG_HORIZON_SCENARIO_EXTRAPOLATION
naumann_3ah_boundary_reference,blast-lite-lfp-gr-sony-murata-3ah-2018-v1,11.916666666666666,3575.0,0.8683911045742997,2.42311202372804,LONG_HORIZON_SCENARIO_EXTRAPOLATION
naumann_3ah_boundary_reference,blast-lite-lfp-gr-sony-murata-3ah-2018-v1,12.0,3600.0,0.867807013577976,2.42311202372804,LONG_HORIZON_SCENARIO_EXTRAPOLATION
naumann_3ah_boundary_reference,blast-lite-lfp-gr-sony-murata-3ah-2018-v1,12.083333333333334,3625.0,0.8672241213764683,2.42311202372804,LONG_HORIZON_SCENARIO_EXTRAPOLATION
naumann_3ah_boundary_reference,blast-lite-lfp-gr-sony-murata-3ah-2018-v1,12.166666666666666,3650.0,0.8666424184666953,2.42311202372804,LONG_HORIZON_SCENARIO_EXTRAPOLATION
naumann_3ah_boundary_reference,blast-lite-lfp-gr-sony-murata-3ah-2018-v1,12.25,3675.0,0.8660618955000637,2.42311202372804,LONG_HORIZON_SCENARIO_EXTRAPOLATION
naumann_3ah_boundary_reference,blast-lite-lfp-gr-sony-murata-3ah-2018-v1,12.333333333333334,3700.0,0.8654825432788281,2.42311202372804,LONG_HORIZON_SCENARIO_EXTRAPOLATION
naumann_3ah_boundary_reference,blast-lite-lfp-gr-sony-murata-3ah-2018-v1,12.416666666666666,3725.0,0.8649043527525574,2.42311202372804,LONG_HORIZON_SCENARIO_EXTRAPOLATION
naumann_3ah_boundary_reference,blast-lite-lfp-gr-sony-murata-3ah-2018-v1,12.5,3750.0,0.8643273150147098,2.42311202372804,LONG_HORIZON_SCENARIO_EXTRAPOLATION
naumann_3ah_boundary_reference,blast-lite-lfp-gr-sony-murata-3ah-2018-v1,12.583333333333334,3775.0,0.8637514212993097,2.42311202372804,LONG_HORIZON_SCENARIO_EXTRAPOLATION
naumann_3ah_boundary_reference,blast-lite-lfp-gr-sony-murata-3ah-2018-v1,12.666666666666666,3800.0,0.8631766629777214,2.42311202372804,LONG_HORIZON_SCENARIO_EXTRAPOLATION
naumann_3ah_boundary_reference,blast-lite-lfp-gr-sony-murata-3ah-2018-v1,12.75,3825.0,0.862603031555521,2.42311202372804,LONG_HORIZON_SCENARIO_EXTRAPOLATION
naumann_3ah_boundary_reference,blast-lite-lfp-gr-sony-murata-3ah-2018-v1,12.833333333333334,3850.0,0.8620305186694561,2.42311202372804,LONG_HORIZON_SCENARIO_EXTRAPOLATION
naumann_3ah_boundary_reference,blast-lite-lfp-gr-sony-murata-3ah-2018-v1,12.916666666666666,3875.0,0.8614591160844979,2.42311202372804,LONG_HORIZON_SCENARIO_EXTRAPOLATION
naumann_3ah_boundary_reference,blast-lite-lfp-gr-sony-murata-3ah-2018-v1,13.0,3900.0,0.8608888156909744,2.42311202372804,LONG_HORIZON_SCENARIO_EXTRAPOLATION
naumann_3ah_boundary_reference,blast-lite-lfp-gr-sony-murata-3ah-2018-v1,13.083333333333334,3925.0,0.8603196095017897,2.42311202372804,LONG_HORIZON_SCENARIO_EXTRAPOLATION
naumann_3ah_boundary_reference,blast-lite-lfp-gr-sony-murata-3ah-2018-v1,13.166666666666666,3950.0,0.8597514896497198,2.42311202372804,LONG_HORIZON_SCENARIO_EXTRAPOLATION
naumann_3ah_boundary_reference,blast-lite-lfp-gr-sony-murata-3ah-2018-v1,13.25,3975.0,0.8591844483847866,2.42311202372804,LONG_HORIZON_SCENARIO_EXTRAPOLATION
naumann_3ah_boundary_reference,blast-lite-lfp-gr-sony-murata-3ah-2018-v1,13.333333333333334,4000.0,0.8586184780717051,2.42311202372804,LONG_HORIZON_SCENARIO_EXTRAPOLATION
naumann_3ah_boundary_reference,blast-lite-lfp-gr-sony-murata-3ah-2018-v1,13.416666666666666,4025.0,0.8580535711874028,2.42311202372804,LONG_HORIZON_SCENARIO_EXTRAPOLATION
naumann_3ah_boundary_reference,blast-lite-lfp-gr-sony-murata-3ah-2018-v1,13.5,4050.0,0.8574897203186069,2.42311202372804,LONG_HORIZON_SCENARIO_EXTRAPOLATION
naumann_3ah_boundary_reference,blast-lite-lfp-gr-sony-murata-3ah-2018-v1,13.583333333333334,4075.0,0.8569269181595005,2.42311202372804,LONG_HORIZON_SCENARIO_EXTRAPOLATION
naumann_3ah_boundary_reference,blast-lite-lfp-gr-sony-murata-3ah-2018-v1,13.666666666666666,4100.0,0.8563651575094395,2.42311202372804,LONG_HORIZON_SCENARIO_EXTRAPOLATION
naumann_3ah_boundary_reference,blast-lite-lfp-gr-sony-murata-3ah-2018-v1,13.75,4125.0,0.8558044312707364,2.42311202372804,LONG_HORIZON_SCENARIO_EXTRAPOLATION
naumann_3ah_boundary_reference,blast-lite-lfp-gr-sony-murata-3ah-2018-v1,13.833333333333334,4150.0,0.8552447324465001,2.42311202372804,LONG_HORIZON_SCENARIO_EXTRAPOLATION
naumann_3ah_boundary_reference,blast-lite-lfp-gr-sony-murata-3ah-2018-v1,13.916666666666666,4175.0,0.8546860541385369,2.42311202372804,LONG_HORIZON_SCENARIO_EXTRAPOLATION
naumann_3ah_boundary_reference,blast-lite-lfp-gr-sony-murata-3ah-2018-v1,14.0,4200.0,0.8541283895453063,2.42311202372804,LONG_HORIZON_SCENARIO_EXTRAPOLATION
naumann_3ah_boundary_reference,blast-lite-lfp-gr-sony-murata-3ah-2018-v1,14.083333333333334,4225.0,0.8535717319599317,2.42311202372804,LONG_HORIZON_SCENARIO_EXTRAPOLATION
naumann_3ah_boundary_reference,blast-lite-lfp-gr-sony-murata-3ah-2018-v1,14.166666666666666,4250.0,0.8530160747682645,2.42311202372804,LONG_HORIZON_SCENARIO_EXTRAPOLATION
naumann_3ah_boundary_reference,blast-lite-lfp-gr-sony-murata-3ah-2018-v1,14.25,4275.0,0.8524614114469972,2.42311202372804,LONG_HORIZON_SCENARIO_EXTRAPOLATION
naumann_3ah_boundary_reference,blast-lite-lfp-gr-sony-murata-3ah-2018-v1,14.333333333333334,4300.0,0.8519077355618291,2.42311202372804,LONG_HORIZON_SCENARIO_EXTRAPOLATION
naumann_3ah_boundary_reference,blast-lite-lfp-gr-sony-murata-3ah-2018-v1,14.416666666666666,4325.0,0.8513550407656767,2.42311202372804,LONG_HORIZON_SCENARIO_EXTRAPOLATION
naumann_3ah_boundary_reference,blast-lite-lfp-gr-sony-murata-3ah-2018-v1,14.5,4350.0,0.8508033207969322,2.42311202372804,LONG_HORIZON_SCENARIO_EXTRAPOLATION
naumann_3ah_boundary_reference,blast-lite-lfp-gr-sony-murata-3ah-2018-v1,14.583333333333334,4375.0,0.8502525694777663,2.42311202372804,LONG_HORIZON_SCENARIO_EXTRAPOLATION
naumann_3ah_boundary_reference,blast-lite-lfp-gr-sony-murata-3ah-2018-v1,14.666666666666666,4400.0,0.8497027807124747,2.42311202372804,LONG_HORIZON_SCENARIO_EXTRAPOLATION
naumann_3ah_boundary_reference,blast-lite-lfp-gr-sony-murata-3ah-2018-v1,14.75,4425.0,0.8491539484858663,2.42311202372804,LONG_HORIZON_SCENARIO_EXTRAPOLATION
naumann_3ah_boundary_reference,blast-lite-lfp-gr-sony-murata-3ah-2018-v1,14.833333333333334,4450.0,0.8486060668616927,2.42311202372804,LONG_HORIZON_SCENARIO_EXTRAPOLATION
naumann_3ah_boundary_reference,blast-lite-lfp-gr-sony-murata-3ah-2018-v1,14.916666666666666,4475.0,0.8480591299811163,2.42311202372804,LONG_HORIZON_SCENARIO_EXTRAPOLATION
naumann_3ah_boundary_reference,blast-lite-lfp-gr-sony-murata-3ah-2018-v1,15.0,4500.0,0.8475131320612186,2.42311202372804,LONG_HORIZON_SCENARIO_EXTRAPOLATION
naumann_3ah_boundary_reference,blast-lite-lfp-gr-sony-murata-3ah-2018-v1,15.083333333333334,4525.0,0.8469680673935429,2.42311202372804,LONG_HORIZON_SCENARIO_EXTRAPOLATION
naumann_3ah_boundary_reference,blast-lite-lfp-gr-sony-murata-3ah-2018-v1,15.166666666666666,4550.0,0.8464239303426758,2.42311202372804,LONG_HORIZON_SCENARIO_EXTRAPOLATION
naumann_3ah_boundary_reference,blast-lite-lfp-gr-sony-murata-3ah-2018-v1,15.25,4575.0,0.8458807153448621,2.42311202372804,LONG_HORIZON_SCENARIO_EXTRAPOLATION
naumann_3ah_boundary_reference,blast-lite-lfp-gr-sony-murata-3ah-2018-v1,15.333333333333334,4600.0,0.8453384169066536,2.42311202372804,LONG_HORIZON_SCENARIO_EXTRAPOLATION
naumann_3ah_boundary_reference,blast-lite-lfp-gr-sony-murata-3ah-2018-v1,15.416666666666666,4625.0,0.8447970296035913,2.42311202372804,LONG_HORIZON_SCENARIO_EXTRAPOLATION
naumann_3ah_boundary_reference,blast-lite-lfp-gr-sony-murata-3ah-2018-v1,15.5,4650.0,0.8442565480789195,2.42311202372804,LONG_HORIZON_SCENARIO_EXTRAPOLATION
naumann_3ah_boundary_reference,blast-lite-lfp-gr-sony-murata-3ah-2018-v1,15.583333333333334,4675.0,0.8437169670423306,2.42311202372804,LONG_HORIZON_SCENARIO_EXTRAPOLATION
naumann_3ah_boundary_reference,blast-lite-lfp-gr-sony-murata-3ah-2018-v1,15.666666666666666,4700.0,0.84317828126874,2.42311202372804,LONG_HORIZON_SCENARIO_EXTRAPOLATION
naumann_3ah_boundary_reference,blast-lite-lfp-gr-sony-murata-3ah-2018-v1,15.75,4725.0,0.8426404855970904,2.42311202372804,LONG_HORIZON_SCENARIO_EXTRAPOLATION
naumann_3ah_boundary_reference,blast-lite-lfp-gr-sony-murata-3ah-2018-v1,15.833333333333334,4750.0,0.8421035749291844,2.42311202372804,LONG_HORIZON_SCENARIO_EXTRAPOLATION
naumann_3ah_boundary_reference,blast-lite-lfp-gr-sony-murata-3ah-2018-v1,15.916666666666666,4775.0,0.8415675442285444,2.42311202372804,LONG_HORIZON_SCENARIO_EXTRAPOLATION
naumann_3ah_boundary_reference,blast-lite-lfp-gr-sony-murata-3ah-2018-v1,16.0,4800.0,0.8410323885192994,2.42311202372804,LONG_HORIZON_SCENARIO_EXTRAPOLATION
naumann_3ah_boundary_reference,blast-lite-lfp-gr-sony-murata-3ah-2018-v1,16.083333333333332,4825.0,0.8404981028850979,2.42311202372804,LONG_HORIZON_SCENARIO_EXTRAPOLATION
naumann_3ah_boundary_reference,blast-lite-lfp-gr-sony-murata-3ah-2018-v1,16.166666666666668,4850.0,0.8399646824680458,2.42311202372804,LONG_HORIZON_SCENARIO_EXTRAPOLATION
naumann_3ah_boundary_reference,blast-lite-lfp-gr-sony-murata-3ah-2018-v1,16.25,4875.0,0.839432122467669,2.42311202372804,LONG_HORIZON_SCENARIO_EXTRAPOLATION
naumann_3ah_boundary_reference,blast-lite-lfp-gr-sony-murata-3ah-2018-v1,16.333333333333332,4900.0,0.8389004181398998,2.42311202372804,LONG_HORIZON_SCENARIO_EXTRAPOLATION
naumann_3ah_boundary_reference,blast-lite-lfp-gr-sony-murata-3ah-2018-v1,16.416666666666668,4925.0,0.8383695647960865,2.42311202372804,LONG_HORIZON_SCENARIO_EXTRAPOLATION
naumann_3ah_boundary_reference,blast-lite-lfp-gr-sony-murata-3ah-2018-v1,16.5,4950.0,0.8378395578020251,2.42311202372804,LONG_HORIZON_SCENARIO_EXTRAPOLATION
naumann_3ah_boundary_reference,blast-lite-lfp-gr-sony-murata-3ah-2018-v1,16.583333333333332,4975.0,0.8373103925770139,2.42311202372804,LONG_HORIZON_SCENARIO_EXTRAPOLATION
naumann_3ah_boundary_reference,blast-lite-lfp-gr-sony-murata-3ah-2018-v1,16.666666666666668,5000.0,0.8367820645929283,2.42311202372804,LONG_HORIZON_SCENARIO_EXTRAPOLATION
naumann_3ah_boundary_reference,blast-lite-lfp-gr-sony-murata-3ah-2018-v1,16.75,5025.0,0.8362545693733165,2.42311202372804,LONG_HORIZON_SCENARIO_EXTRAPOLATION
naumann_3ah_boundary_reference,blast-lite-lfp-gr-sony-murata-3ah-2018-v1,16.833333333333332,5050.0,0.8357279024925167,2.42311202372804,LONG_HORIZON_SCENARIO_EXTRAPOLATION
naumann_3ah_boundary_reference,blast-lite-lfp-gr-sony-murata-3ah-2018-v1,16.916666666666668,5075.0,0.8352020595747919,2.42311202372804,LONG_HORIZON_SCENARIO_EXTRAPOLATION
naumann_3ah_boundary_reference,blast-lite-lfp-gr-sony-murata-3ah-2018-v1,17.0,5100.0,0.8346770362934847,2.42311202372804,LONG_HORIZON_SCENARIO_EXTRAPOLATION
naumann_3ah_boundary_reference,blast-lite-lfp-gr-sony-murata-3ah-2018-v1,17.083333333333332,5125.0,0.8341528283701914,2.42311202372804,LONG_HORIZON_SCENARIO_EXTRAPOLATION
naumann_3ah_boundary_reference,blast-lite-lfp-gr-sony-murata-3ah-2018-v1,17.166666666666668,5150.0,0.8336294315739528,2.42311202372804,LONG_HORIZON_SCENARIO_EXTRAPOLATION
naumann_3ah_boundary_reference,blast-lite-lfp-gr-sony-murata-3ah-2018-v1,17.25,5175.0,0.833106841720463,2.42311202372804,LONG_HORIZON_SCENARIO_EXTRAPOLATION
naumann_3ah_boundary_reference,blast-lite-lfp-gr-sony-murata-3ah-2018-v1,17.333333333333332,5200.0,0.8325850546712967,2.42311202372804,LONG_HORIZON_SCENARIO_EXTRAPOLATION
naumann_3ah_boundary_reference,blast-lite-lfp-gr-sony-murata-3ah-2018-v1,17.416666666666668,5225.0,0.8320640663331504,2.42311202372804,LONG_HORIZON_SCENARIO_EXTRAPOLATION
naumann_3ah_boundary_reference,blast-lite-lfp-gr-sony-murata-3ah-2018-v1,17.5,5250.0,0.831543872657103,2.42311202372804,LONG_HORIZON_SCENARIO_EXTRAPOLATION
naumann_3ah_boundary_reference,blast-lite-lfp-gr-sony-murata-3ah-2018-v1,17.583333333333332,5275.0,0.8310244696378891,2.42311202372804,LONG_HORIZON_SCENARIO_EXTRAPOLATION
naumann_3ah_boundary_reference,blast-lite-lfp-gr-sony-murata-3ah-2018-v1,17.666666666666668,5300.0,0.8305058533131907,2.42311202372804,LONG_HORIZON_SCENARIO_EXTRAPOLATION
naumann_3ah_boundary_reference,blast-lite-lfp-gr-sony-murata-3ah-2018-v1,17.75,5325.0,0.8299880197629411,2.42311202372804,LONG_HORIZON_SCENARIO_EXTRAPOLATION
naumann_3ah_boundary_reference,blast-lite-lfp-gr-sony-murata-3ah-2018-v1,17.833333333333332,5350.0,0.8294709651086459,2.42311202372804,LONG_HORIZON_SCENARIO_EXTRAPOLATION
naumann_3ah_boundary_reference,blast-lite-lfp-gr-sony-murata-3ah-2018-v1,17.916666666666668,5375.0,0.828954685512716,2.42311202372804,LONG_HORIZON_SCENARIO_EXTRAPOLATION
naumann_3ah_boundary_reference,blast-lite-lfp-gr-sony-murata-3ah-2018-v1,18.0,5400.0,0.8284391771778167,2.42311202372804,LONG_HORIZON_SCENARIO_EXTRAPOLATION
naumann_3ah_boundary_reference,blast-lite-lfp-gr-sony-murata-3ah-2018-v1,18.083333333333332,5425.0,0.8279244363462276,2.42311202372804,LONG_HORIZON_SCENARIO_EXTRAPOLATION
naumann_3ah_boundary_reference,blast-lite-lfp-gr-sony-murata-3ah-2018-v1,18.166666666666668,5450.0,0.8274104592992189,2.42311202372804,LONG_HORIZON_SCENARIO_EXTRAPOLATION
naumann_3ah_boundary_reference,blast-lite-lfp-gr-sony-murata-3ah-2018-v1,18.25,5475.0,0.8268972423564378,2.42311202372804,LONG_HORIZON_SCENARIO_EXTRAPOLATION
naumann_3ah_boundary_reference,blast-lite-lfp-gr-sony-murata-3ah-2018-v1,18.333333333333332,5500.0,0.8263847818753091,2.42311202372804,LONG_HORIZON_SCENARIO_EXTRAPOLATION
naumann_3ah_boundary_reference,blast-lite-lfp-gr-sony-murata-3ah-2018-v1,18.416666666666668,5525.0,0.8258730742504466,2.42311202372804,LONG_HORIZON_SCENARIO_EXTRAPOLATION
naumann_3ah_boundary_reference,blast-lite-lfp-gr-sony-murata-3ah-2018-v1,18.5,5550.0,0.8253621159130784,2.42311202372804,LONG_HORIZON_SCENARIO_EXTRAPOLATION
naumann_3ah_boundary_reference,blast-lite-lfp-gr-sony-murata-3ah-2018-v1,18.583333333333332,5575.0,0.8248519033304818,2.42311202372804,LONG_HORIZON_SCENARIO_EXTRAPOLATION
naumann_3ah_boundary_reference,blast-lite-lfp-gr-sony-murata-3ah-2018-v1,18.666666666666668,5600.0,0.8243424330054304,2.42311202372804,LONG_HORIZON_SCENARIO_EXTRAPOLATION
naumann_3ah_boundary_reference,blast-lite-lfp-gr-sony-murata-3ah-2018-v1,18.75,5625.0,0.823833701475653,2.42311202372804,LONG_HORIZON_SCENARIO_EXTRAPOLATION
naumann_3ah_boundary_reference,blast-lite-lfp-gr-sony-murata-3ah-2018-v1,18.833333333333332,5650.0,0.8233257053133013,2.42311202372804,LONG_HORIZON_SCENARIO_EXTRAPOLATION
naumann_3ah_boundary_reference,blast-lite-lfp-gr-sony-murata-3ah-2018-v1,18.916666666666668,5675.0,0.8228184411244305,2.42311202372804,LONG_HORIZON_SCENARIO_EXTRAPOLATION
naumann_3ah_boundary_reference,blast-lite-lfp-gr-sony-murata-3ah-2018-v1,19.0,5700.0,0.8223119055484882,2.42311202372804,LONG_HORIZON_SCENARIO_EXTRAPOLATION
naumann_3ah_boundary_reference,blast-lite-lfp-gr-sony-murata-3ah-2018-v1,19.083333333333332,5725.0,0.8218060952578146,2.42311202372804,LONG_HORIZON_SCENARIO_EXTRAPOLATION
naumann_3ah_boundary_reference,blast-lite-lfp-gr-sony-murata-3ah-2018-v1,19.166666666666668,5750.0,0.8213010069571517,2.42311202372804,LONG_HORIZON_SCENARIO_EXTRAPOLATION
naumann_3ah_boundary_reference,blast-lite-lfp-gr-sony-murata-3ah-2018-v1,19.25,5775.0,0.8207966373831627,2.42311202372804,LONG_HORIZON_SCENARIO_EXTRAPOLATION
naumann_3ah_boundary_reference,blast-lite-lfp-gr-sony-murata-3ah-2018-v1,19.333333333333332,5800.0,0.8202929833039598,2.42311202372804,LONG_HORIZON_SCENARIO_EXTRAPOLATION
naumann_3ah_boundary_reference,blast-lite-lfp-gr-sony-murata-3ah-2018-v1,19.416666666666668,5825.0,0.8197900415186423,2.42311202372804,LONG_HORIZON_SCENARIO_EXTRAPOLATION
naumann_3ah_boundary_reference,blast-lite-lfp-gr-sony-murata-3ah-2018-v1,19.5,5850.0,0.8192878088568425,2.42311202372804,LONG_HORIZON_SCENARIO_EXTRAPOLATION
naumann_3ah_boundary_reference,blast-lite-lfp-gr-sony-murata-3ah-2018-v1,19.583333333333332,5875.0,0.8187862821782812,2.42311202372804,LONG_HORIZON_SCENARIO_EXTRAPOLATION
naumann_3ah_boundary_reference,blast-lite-lfp-gr-sony-murata-3ah-2018-v1,19.666666666666668,5900.0,0.8182854583723305,2.42311202372804,LONG_HORIZON_SCENARIO_EXTRAPOLATION
naumann_3ah_boundary_reference,blast-lite-lfp-gr-sony-murata-3ah-2018-v1,19.75,5925.0,0.8177853343575863,2.42311202372804,LONG_HORIZON_SCENARIO_EXTRAPOLATION
naumann_3ah_boundary_reference,blast-lite-lfp-gr-sony-murata-3ah-2018-v1,19.833333333333332,5950.0,0.8172859070814477,2.42311202372804,LONG_HORIZON_SCENARIO_EXTRAPOLATION
naumann_3ah_boundary_reference,blast-lite-lfp-gr-sony-murata-3ah-2018-v1,19.916666666666668,5975.0,0.8167871735197051,2.42311202372804,LONG_HORIZON_SCENARIO_EXTRAPOLATION
naumann_3ah_boundary_reference,blast-lite-lfp-gr-sony-murata-3ah-2018-v1,20.0,6000.0,0.8162891306761355,2.42311202372804,LONG_HORIZON_SCENARIO_EXTRAPOLATION
naumann_3ah_boundary_reference,blast-lite-lfp-gr-sony-murata-3ah-2018-v1,20.083333333333332,6025.0,0.8157917755821056,2.42311202372804,LONG_HORIZON_SCENARIO_EXTRAPOLATION
naumann_3ah_boundary_reference,blast-lite-lfp-gr-sony-murata-3ah-2018-v1,20.166666666666668,6050.0,0.8152951052961821,2.42311202372804,LONG_HORIZON_SCENARIO_EXTRAPOLATION
naumann_3ah_boundary_reference,blast-lite-lfp-gr-sony-murata-3ah-2018-v1,20.25,6075.0,0.8147991169037492,2.42311202372804,LONG_HORIZON_SCENARIO_EXTRAPOLATION
naumann_3ah_boundary_reference,blast-lite-lfp-gr-sony-murata-3ah-2018-v1,20.333333333333332,6100.0,0.8143038075166341,2.42311202372804,LONG_HORIZON_SCENARIO_EXTRAPOLATION
naumann_3ah_boundary_reference,blast-lite-lfp-gr-sony-murata-3ah-2018-v1,20.416666666666668,6125.0,0.8138091742727369,2.42311202372804,LONG_HORIZON_SCENARIO_EXTRAPOLATION
naumann_3ah_boundary_reference,blast-lite-lfp-gr-sony-murata-3ah-2018-v1,20.5,6150.0,0.8133152143356707,2.42311202372804,LONG_HORIZON_SCENARIO_EXTRAPOLATION
naumann_3ah_boundary_reference,blast-lite-lfp-gr-sony-murata-3ah-2018-v1,20.583333333333332,6175.0,0.812821924894405,2.42311202372804,LONG_HORIZON_SCENARIO_EXTRAPOLATION
naumann_3ah_boundary_reference,blast-lite-lfp-gr-sony-murata-3ah-2018-v1,20.666666666666668,6200.0,0.8123293031629177,2.42311202372804,LONG_HORIZON_SCENARIO_EXTRAPOLATION
naumann_3ah_boundary_reference,blast-lite-lfp-gr-sony-murata-3ah-2018-v1,20.75,6225.0,0.8118373463798526,2.42311202372804,LONG_HORIZON_SCENARIO_EXTRAPOLATION
naumann_3ah_boundary_reference,blast-lite-lfp-gr-sony-murata-3ah-2018-v1,20.833333333333332,6250.0,0.811346051808183,2.42311202372804,LONG_HORIZON_SCENARIO_EXTRAPOLATION
naumann_3ah_boundary_reference,blast-lite-lfp-gr-sony-murata-3ah-2018-v1,20.916666666666668,6275.0,0.8108554167348812,2.42311202372804,LONG_HORIZON_SCENARIO_EXTRAPOLATION
naumann_3ah_boundary_reference,blast-lite-lfp-gr-sony-murata-3ah-2018-v1,21.0,6300.0,0.8103654384705943,2.42311202372804,LONG_HORIZON_SCENARIO_EXTRAPOLATION
naumann_3ah_boundary_reference,blast-lite-lfp-gr-sony-murata-3ah-2018-v1,21.083333333333332,6325.0,0.8098761143493259,2.42311202372804,LONG_HORIZON_SCENARIO_EXTRAPOLATION
naumann_3ah_boundary_reference,blast-lite-lfp-gr-sony-murata-3ah-2018-v1,21.166666666666668,6350.0,0.8093874417281226,2.42311202372804,LONG_HORIZON_SCENARIO_EXTRAPOLATION
naumann_3ah_boundary_reference,blast-lite-lfp-gr-sony-murata-3ah-2018-v1,21.25,6375.0,0.808899417986767,2.42311202372804,LONG_HORIZON_SCENARIO_EXTRAPOLATION
naumann_3ah_boundary_reference,blast-lite-lfp-gr-sony-murata-3ah-2018-v1,21.333333333333332,6400.0,0.8084120405274748,2.42311202372804,LONG_HORIZON_SCENARIO_EXTRAPOLATION
naumann_3ah_boundary_reference,blast-lite-lfp-gr-sony-murata-3ah-2018-v1,21.416666666666668,6425.0,0.807925306774599,2.42311202372804,LONG_HORIZON_SCENARIO_EXTRAPOLATION
naumann_3ah_boundary_reference,blast-lite-lfp-gr-sony-murata-3ah-2018-v1,21.5,6450.0,0.8074392141743372,2.42311202372804,LONG_HORIZON_SCENARIO_EXTRAPOLATION
naumann_3ah_boundary_reference,blast-lite-lfp-gr-sony-murata-3ah-2018-v1,21.583333333333332,6475.0,0.806953760194446,2.42311202372804,LONG_HORIZON_SCENARIO_EXTRAPOLATION
naumann_3ah_boundary_reference,blast-lite-lfp-gr-sony-murata-3ah-2018-v1,21.666666666666668,6500.0,0.8064689423239588,2.42311202372804,LONG_HORIZON_SCENARIO_EXTRAPOLATION
naumann_3ah_boundary_reference,blast-lite-lfp-gr-sony-murata-3ah-2018-v1,21.75,6525.0,0.8059847580729087,2.42311202372804,LONG_HORIZON_SCENARIO_EXTRAPOLATION
naumann_3ah_boundary_reference,blast-lite-lfp-gr-sony-murata-3ah-2018-v1,21.833333333333332,6550.0,0.8055012049720573,2.42311202372804,LONG_HORIZON_SCENARIO_EXTRAPOLATION
naumann_3ah_boundary_reference,blast-lite-lfp-gr-sony-murata-3ah-2018-v1,21.916666666666668,6575.0,0.8050182805726263,2.42311202372804,LONG_HORIZON_SCENARIO_EXTRAPOLATION
naumann_3ah_boundary_reference,blast-lite-lfp-gr-sony-murata-3ah-2018-v1,22.0,6600.0,0.804535982446035,2.42311202372804,LONG_HORIZON_SCENARIO_EXTRAPOLATION
naumann_3ah_boundary_reference,blast-lite-lfp-gr-sony-murata-3ah-2018-v1,22.083333333333332,6625.0,0.8040543081836424,2.42311202372804,LONG_HORIZON_SCENARIO_EXTRAPOLATION
naumann_3ah_boundary_reference,blast-lite-lfp-gr-sony-murata-3ah-2018-v1,22.166666666666668,6650.0,0.8035732553964923,2.42311202372804,LONG_HORIZON_SCENARIO_EXTRAPOLATION
naumann_3ah_boundary_reference,blast-lite-lfp-gr-sony-murata-3ah-2018-v1,22.25,6675.0,0.8030928217150636,2.42311202372804,LONG_HORIZON_SCENARIO_EXTRAPOLATION
naumann_3ah_boundary_reference,blast-lite-lfp-gr-sony-murata-3ah-2018-v1,22.333333333333332,6700.0,0.8026130047890252,2.42311202372804,LONG_HORIZON_SCENARIO_EXTRAPOLATION
naumann_3ah_boundary_reference,blast-lite-lfp-gr-sony-murata-3ah-2018-v1,22.416666666666668,6725.0,0.8021338022869942,2.42311202372804,LONG_HORIZON_SCENARIO_EXTRAPOLATION
naumann_3ah_boundary_reference,blast-lite-lfp-gr-sony-murata-3ah-2018-v1,22.5,6750.0,0.8016552118962978,2.42311202372804,LONG_HORIZON_SCENARIO_EXTRAPOLATION
naumann_3ah_boundary_reference,blast-lite-lfp-gr-sony-murata-3ah-2018-v1,22.583333333333332,6775.0,0.8011772313227408,2.42311202372804,LONG_HORIZON_SCENARIO_EXTRAPOLATION
naumann_3ah_boundary_reference,blast-lite-lfp-gr-sony-murata-3ah-2018-v1,22.666666666666668,6800.0,0.8006998582903748,2.42311202372804,LONG_HORIZON_SCENARIO_EXTRAPOLATION
naumann_3ah_boundary_reference,blast-lite-lfp-gr-sony-murata-3ah-2018-v1,22.75,6825.0,0.8002230905412729,2.42311202372804,LONG_HORIZON_SCENARIO_EXTRAPOLATION
naumann_3ah_boundary_reference,blast-lite-lfp-gr-sony-murata-3ah-2018-v1,22.833333333333332,6850.0,0.799746925835307,2.42311202372804,LONG_HORIZON_SCENARIO_EXTRAPOLATION
naumann_3ah_boundary_reference,blast-lite-lfp-gr-sony-murata-3ah-2018-v1,22.916666666666668,6875.0,0.7992713619499296,2.42311202372804,LONG_HORIZON_SCENARIO_EXTRAPOLATION
naumann_3ah_boundary_reference,blast-lite-lfp-gr-sony-murata-3ah-2018-v1,23.0,6900.0,0.7987963966799583,2.42311202372804,LONG_HORIZON_SCENARIO_EXTRAPOLATION
naumann_3ah_boundary_reference,blast-lite-lfp-gr-sony-murata-3ah-2018-v1,23.083333333333332,6925.0,0.798322027837364,2.42311202372804,LONG_HORIZON_SCENARIO_EXTRAPOLATION
naumann_3ah_boundary_reference,blast-lite-lfp-gr-sony-murata-3ah-2018-v1,23.166666666666668,6950.0,0.7978482532510632,2.42311202372804,LONG_HORIZON_SCENARIO_EXTRAPOLATION
naumann_3ah_boundary_reference,blast-lite-lfp-gr-sony-murata-3ah-2018-v1,23.25,6975.0,0.7973750707667132,2.42311202372804,LONG_HORIZON_SCENARIO_EXTRAPOLATION
naumann_3ah_boundary_reference,blast-lite-lfp-gr-sony-murata-3ah-2018-v1,23.333333333333332,7000.0,0.7969024782465097,2.42311202372804,LONG_HORIZON_SCENARIO_EXTRAPOLATION
naumann_3ah_boundary_reference,blast-lite-lfp-gr-sony-murata-3ah-2018-v1,23.416666666666668,7025.0,0.796430473568989,2.42311202372804,LONG_HORIZON_SCENARIO_EXTRAPOLATION
naumann_3ah_boundary_reference,blast-lite-lfp-gr-sony-murata-3ah-2018-v1,23.5,7050.0,0.7959590546288331,2.42311202372804,LONG_HORIZON_SCENARIO_EXTRAPOLATION
naumann_3ah_boundary_reference,blast-lite-lfp-gr-sony-murata-3ah-2018-v1,23.583333333333332,7075.0,0.7954882193366763,2.42311202372804,LONG_HORIZON_SCENARIO_EXTRAPOLATION
naumann_3ah_boundary_reference,blast-lite-lfp-gr-sony-murata-3ah-2018-v1,23.666666666666668,7100.0,0.7950179656189178,2.42311202372804,LONG_HORIZON_SCENARIO_EXTRAPOLATION
naumann_3ah_boundary_reference,blast-lite-lfp-gr-sony-murata-3ah-2018-v1,23.75,7125.0,0.7945482914175342,2.42311202372804,LONG_HORIZON_SCENARIO_EXTRAPOLATION
naumann_3ah_boundary_reference,blast-lite-lfp-gr-sony-murata-3ah-2018-v1,23.833333333333332,7150.0,0.7940791946898967,2.42311202372804,LONG_HORIZON_SCENARIO_EXTRAPOLATION
naumann_3ah_boundary_reference,blast-lite-lfp-gr-sony-murata-3ah-2018-v1,23.916666666666668,7175.0,0.7936106734085909,2.42311202372804,LONG_HORIZON_SCENARIO_EXTRAPOLATION
naumann_3ah_boundary_reference,blast-lite-lfp-gr-sony-murata-3ah-2018-v1,24.0,7200.0,0.793142725561239,2.42311202372804,LONG_HORIZON_SCENARIO_EXTRAPOLATION
naumann_3ah_boundary_reference,blast-lite-lfp-gr-sony-murata-3ah-2018-v1,24.083333333333332,7225.0,0.7926753491503251,2.42311202372804,LONG_HORIZON_SCENARIO_EXTRAPOLATION
naumann_3ah_boundary_reference,blast-lite-lfp-gr-sony-murata-3ah-2018-v1,24.166666666666668,7250.0,0.7922085421930233,2.42311202372804,LONG_HORIZON_SCENARIO_EXTRAPOLATION
naumann_3ah_boundary_reference,blast-lite-lfp-gr-sony-murata-3ah-2018-v1,24.25,7275.0,0.7917423027210273,2.42311202372804,LONG_HORIZON_SCENARIO_EXTRAPOLATION
naumann_3ah_boundary_reference,blast-lite-lfp-gr-sony-murata-3ah-2018-v1,24.333333333333332,7300.0,0.7912766287803851,2.42311202372804,LONG_HORIZON_SCENARIO_EXTRAPOLATION
naumann_3ah_boundary_reference,blast-lite-lfp-gr-sony-murata-3ah-2018-v1,24.416666666666668,7325.0,0.7908115184313331,2.42311202372804,LONG_HORIZON_SCENARIO_EXTRAPOLATION
naumann_3ah_boundary_reference,blast-lite-lfp-gr-sony-murata-3ah-2018-v1,24.5,7350.0,0.7903469697481349,2.42311202372804,LONG_HORIZON_SCENARIO_EXTRAPOLATION
naumann_3ah_boundary_reference,blast-lite-lfp-gr-sony-murata-3ah-2018-v1,24.583333333333332,7375.0,0.7898829808189223,2.42311202372804,LONG_HORIZON_SCENARIO_EXTRAPOLATION
naumann_3ah_boundary_reference,blast-lite-lfp-gr-sony-murata-3ah-2018-v1,24.666666666666668,7400.0,0.7894195497455379,2.42311202372804,LONG_HORIZON_SCENARIO_EXTRAPOLATION
naumann_3ah_boundary_reference,blast-lite-lfp-gr-sony-murata-3ah-2018-v1,24.75,7425.0,0.7889566746433803,2.42311202372804,LONG_HORIZON_SCENARIO_EXTRAPOLATION
naumann_3ah_boundary_reference,blast-lite-lfp-gr-sony-murata-3ah-2018-v1,24.833333333333332,7450.0,0.7884943536412524,2.42311202372804,LONG_HORIZON_SCENARIO_EXTRAPOLATION
naumann_3ah_boundary_reference,blast-lite-lfp-gr-sony-murata-3ah-2018-v1,24.916666666666668,7475.0,0.7880325848812109,2.42311202372804,LONG_HORIZON_SCENARIO_EXTRAPOLATION
naumann_3ah_boundary_reference,blast-lite-lfp-gr-sony-murata-3ah-2018-v1,25.0,7500.0,0.7875713665184185,2.42311202372804,LONG_HORIZON_SCENARIO_EXTRAPOLATION
